timestamp,frame_id,detected,center_x,center_y,diameter_maj,diameter_min,area,circularity,aspect_ratio
2025-11-24T15:15:15.143006,0,True,234.7900848388672,352.3968505859375,12.213688850402832,12.977479934692383,107.5,0.8143926149696719,1.0625355722672425
2025-11-24T15:15:15.157060,1,False,,,,,,,
2025-11-24T15:15:15.190717,2,False,,,,,,,
2025-11-24T15:15:15.224162,3,False,,,,,,,
2025-11-24T15:15:15.256472,4,False,,,,,,,
2025-11-24T15:15:15.287704,5,False,,,,,,,
2025-11-24T15:15:15.338486,6,False,,,,,,,
2025-11-24T15:15:15.365196,7,False,,,,,,,
2025-11-24T15:15:15.398356,8,False,,,,,,,
2025-11-24T15:15:15.431664,9,True,254.62672424316406,379.255859375,12.242498397827148,15.720434188842773,109.0,0.7588559906693126,1.2840869889389501
2025-11-24T15:15:15.461383,10,True,481.6368408203125,17.813291549682617,10.188177108764648,14.661681175231934,112.5,0.757058551030867,1.4390876385071083
2025-11-24T15:15:15.492767,11,True,482.8976745605469,27.589847564697266,15.534211158752441,24.67601203918457,260.0,0.7107825700072551,1.58849459419037
2025-11-24T15:15:15.526097,12,False,,,,,,,
2025-11-24T15:15:15.564559,13,True,296.21832275390625,362.6109924316406,12.687183380126953,15.186895370483398,133.5,0.8385591241556667,1.1970264572076341
2025-11-24T15:15:15.588586,14,True,356.1064453125,356.6597900390625,10.636503219604492,13.787901878356934,109.0,0.7839796604956941,1.2962813339503028
2025-11-24T15:15:15.621324,15,False,,,,,,,
2025-11-24T15:15:15.656169,16,False,,,,,,,
2025-11-24T15:15:15.706977,17,False,,,,,,,
2025-11-24T15:15:15.735174,18,False,,,,,,,
2025-11-24T15:15:15.768768,19,True,86.67031860351562,43.484928131103516,9.721443176269531,13.984169006347656,100.0,0.7192473949501782,1.4384867878461538
2025-11-24T15:15:15.798626,20,False,,,,,,,
2025-11-24T15:15:15.828710,21,False,,,,,,,
2025-11-24T15:15:15.864791,22,True,2.306831121444702,311.2378845214844,12.10458755493164,16.773927688598633,102.0,0.7217336589896984,1.3857495124660486
2025-11-24T15:15:15.894047,23,True,415.52093505859375,356.66314697265625,9.810751914978027,15.325006484985352,115.0,0.7533200415960865,1.562062220687338
2025-11-24T15:15:15.927269,24,False,,,,,,,
2025-11-24T15:15:15.959609,25,True,85.22977447509766,46.67814636230469,12.264455795288086,14.672327995300293,131.5,0.796228641001006,1.1963292170377489
2025-11-24T15:15:15.989453,26,False,,,,,,,
2025-11-24T15:15:16.042030,27,False,,,,,,,
2025-11-24T15:15:16.071579,28,False,,,,,,,
2025-11-24T15:15:16.100910,29,True,7.828239440917969,62.82830810546875,9.004499435424805,14.7268705368042,100.5,0.7030013209005638,1.635501118847959
2025-11-24T15:15:16.133145,30,True,63.01227951049805,61.88780975341797,11.205770492553711,13.393946647644043,112.5,0.8186299284462081,1.195272155651611
2025-11-24T15:15:16.165398,31,False,,,,,,,
2025-11-24T15:15:16.196928,32,False,,,,,,,
2025-11-24T15:15:16.231069,33,False,,,,,,,
2025-11-24T15:15:16.263188,34,False,,,,,,,
2025-11-24T15:15:16.295941,35,False,,,,,,,
2025-11-24T15:15:16.329261,36,False,,,,,,,
2025-11-24T15:15:16.357571,37,False,,,,,,,
2025-11-24T15:15:16.408044,38,True,478.1928405761719,35.50104522705078,11.695945739746094,15.333115577697754,135.0,0.7802987733536135,1.310976863941381
2025-11-24T15:15:16.439674,39,False,,,,,,,
2025-11-24T15:15:16.471436,40,False,,,,,,,
2025-11-24T15:15:16.502775,41,False,,,,,,,
2025-11-24T15:15:16.535243,42,True,481.5136413574219,370.6036682128906,10.118579864501953,13.976822853088379,105.0,0.7860593005031817,1.3813026787305647
2025-11-24T15:15:16.570135,43,True,416.29010009765625,345.465576171875,11.439714431762695,14.200460433959961,119.5,0.7622715381375487,1.2413298668716863
2025-11-24T15:15:16.597708,44,False,,,,,,,
2025-11-24T15:15:16.631222,45,True,471.259033203125,368.33294677734375,14.554112434387207,18.38453483581543,178.5,0.7055444265369378,1.2631847978028008
2025-11-24T15:15:16.664290,46,False,,,,,,,
2025-11-24T15:15:16.694548,47,True,477.10565185546875,63.86488342285156,11.79056167602539,15.561850547790527,133.0,0.7849936192291542,1.3198564797449042
2025-11-24T15:15:16.743658,48,True,504.0,2.476958751678467,12.14289379119873,15.51771068572998,105.0,0.7310080644062187,1.2779251531502476
2025-11-24T15:15:16.774570,49,False,,,,,,,
2025-11-24T15:15:16.808937,50,False,,,,,,,
2025-11-24T15:15:16.839279,51,True,425.22052001953125,364.6596984863281,11.291519165039062,14.597521781921387,118.5,0.7558926968142219,1.292786229715854
2025-11-24T15:15:16.871290,52,True,408.5887145996094,356.8667297363281,12.322293281555176,13.383359909057617,123.0,0.7642902799696759,1.08610942112385
2025-11-24T15:15:16.906667,53,True,5.743694305419922,74.7082290649414,12.069433212280273,14.638691902160645,127.0,0.7891452484239744,1.212873084578085
2025-11-24T15:15:16.935128,54,True,340.28271484375,350.0155029296875,10.068343162536621,13.565914154052734,103.0,0.7710867423983591,1.347382840222154
2025-11-24T15:15:16.969512,55,False,,,,,,,
2025-11-24T15:15:16.997418,56,False,,,,,,,
2025-11-24T15:15:17.028889,57,False,,,,,,,
2025-11-24T15:15:17.063007,58,True,339.1255798339844,354.47967529296875,9.6756010055542,14.506166458129883,105.0,0.7261412958027988,1.4992520826923987
2025-11-24T15:15:17.111939,59,False,,,,,,,
2025-11-24T15:15:17.142416,60,False,,,,,,,
2025-11-24T15:15:17.175103,61,True,487.104736328125,379.10491943359375,11.359591484069824,14.939789772033691,105.5,0.7551700386992899,1.3151695180073206
2025-11-24T15:15:17.207432,62,False,,,,,,,
2025-11-24T15:15:17.239954,63,True,300.031982421875,370.3774719238281,11.029424667358398,14.753907203674316,118.5,0.7974350070858466,1.3376859003038144
2025-11-24T15:15:17.272213,64,True,467.4246826171875,362.8384094238281,17.17919921875,19.752498626708984,234.0,0.7302683454104684,1.1497915138767865
2025-11-24T15:15:17.303634,65,True,392.3211669921875,356.9332275390625,11.081442832946777,16.058929443359375,129.0,0.7456188354963319,1.4491730216250156
2025-11-24T15:15:17.334181,66,False,,,,,,,
2025-11-24T15:15:17.367459,67,False,,,,,,,
2025-11-24T15:15:17.398916,68,False,,,,,,,
2025-11-24T15:15:17.447912,69,False,,,,,,,
2025-11-24T15:15:17.480059,70,False,,,,,,,
2025-11-24T15:15:17.513668,71,True,6.943899631500244,307.7018127441406,11.168472290039062,15.866156578063965,128.5,0.7505196446091996,1.4206200047247883
2025-11-24T15:15:17.543876,72,False,,,,,,,
2025-11-24T15:15:17.574921,73,False,,,,,,,
2025-11-24T15:15:17.605591,74,False,,,,,,,
2025-11-24T15:15:17.641404,75,False,,,,,,,
2025-11-24T15:15:17.671480,76,True,424.6750183105469,343.3377685546875,10.978652000427246,12.870888710021973,100.5,0.8071300698178926,1.1723559082813793
2025-11-24T15:15:17.702377,77,True,480.36444091796875,18.5683536529541,13.521051406860352,13.885957717895508,126.5,0.7659537877310058,1.0269879370373574
2025-11-24T15:15:17.735617,78,False,,,,,,,
2025-11-24T15:15:17.768954,79,True,286.8750305175781,356.3653259277344,10.786604881286621,15.874076843261719,125.0,0.748872847553399,1.4716470609908172
2025-11-24T15:15:17.817922,80,False,,,,,,,
2025-11-24T15:15:17.847253,81,False,,,,,,,
2025-11-24T15:15:17.880610,82,True,488.4270324707031,347.2720947265625,10.860128402709961,16.669286727905273,131.5,0.7413250721761149,1.5349068238308226
2025-11-24T15:15:17.909203,83,False,,,,,,,
2025-11-24T15:15:17.941394,84,False,,,,,,,
2025-11-24T15:15:17.974663,85,False,,,,,,,
2025-11-24T15:15:18.007386,86,False,,,,,,,
2025-11-24T15:15:18.038378,87,False,,,,,,,
2025-11-24T15:15:18.070461,88,True,427.2490234375,354.3309631347656,10.327408790588379,15.283751487731934,121.5,0.7750292207842022,1.479921083567381
2025-11-24T15:15:18.102915,89,False,,,,,,,
2025-11-24T15:15:18.152909,90,False,,,,,,,
2025-11-24T15:15:18.184190,91,False,,,,,,,
2025-11-24T15:15:18.214408,92,False,,,,,,,
2025-11-24T15:15:18.245454,93,False,,,,,,,
2025-11-24T15:15:18.279390,94,True,249.7368621826172,325.429931640625,11.450874328613281,13.490894317626953,116.0,0.7598706506534437,1.1781539777938288
2025-11-24T15:15:18.310372,95,False,,,,,,,
2025-11-24T15:15:18.342568,96,True,392.8773193359375,361.04522705078125,11.007854461669922,15.708984375,128.0,0.7398388369575003,1.427070370763835
2025-11-24T15:15:18.374389,97,True,356.1598815917969,362.087890625,14.95499324798584,17.64133644104004,194.0,0.7602529174318329,1.1796284337197924
2025-11-24T15:15:18.408023,98,True,85.87895965576172,41.9504280090332,14.137317657470703,17.54250144958496,180.5,0.7440483965451663,1.2408648255456016
2025-11-24T15:15:18.437325,99,False,,,,,,,
2025-11-24T15:15:18.471734,100,True,43.59713363647461,72.76029968261719,12.585156440734863,16.79153060913086,148.5,0.7598672260771805,1.334232860272456
2025-11-24T15:15:18.521523,101,True,361.1767272949219,355.46331787109375,11.917425155639648,13.610334396362305,115.5,0.8079268911842301,1.1420531764672632
2025-11-24T15:15:18.551094,102,True,426.74615478515625,350.8541259765625,13.589298248291016,17.60474395751953,179.0,0.753774722286119,1.295485781559597
2025-11-24T15:15:18.583054,103,False,,,,,,,
2025-11-24T15:15:18.613573,104,False,,,,,,,
2025-11-24T15:15:18.646375,105,False,,,,,,,
2025-11-24T15:15:18.677738,106,False,,,,,,,
2025-11-24T15:15:18.708360,107,True,243.1040802001953,344.830810546875,11.73334789276123,16.181415557861328,144.0,0.7652616686221463,1.379096088060953
2025-11-24T15:15:18.741594,108,True,351.9798889160156,367.3305358886719,12.392523765563965,16.752126693725586,157.0,0.7955517858858999,1.3517928759986
2025-11-24T15:15:18.772365,109,True,307.9259338378906,370.6853942871094,8.61819839477539,15.693675994873047,101.0,0.7264398688996799,1.8209924458683355
2025-11-24T15:15:18.804634,110,True,336.5690002441406,351.7562561035156,10.292935371398926,14.099952697753906,108.5,0.7589616250518524,1.3698668862787855
2025-11-24T15:15:18.853358,111,False,,,,,,,
2025-11-24T15:15:18.885024,112,False,,,,,,,
2025-11-24T15:15:18.916308,113,True,432.0859069824219,365.8190002441406,11.851627349853516,16.88614845275879,151.0,0.7651485329221076,1.4247956444708714
2025-11-24T15:15:18.951349,114,True,364.0048522949219,377.2358093261719,13.33603572845459,15.684188842773438,136.0,0.7634397982619934,1.1760757084080824
2025-11-24T15:15:18.982530,115,False,,,,,,,
2025-11-24T15:15:19.012348,116,False,,,,,,,
2025-11-24T15:15:19.044648,117,False,,,,,,,
2025-11-24T15:15:19.078519,118,False,,,,,,,
2025-11-24T15:15:19.110643,119,True,340.16998291015625,351.99493408203125,10.231911659240723,14.847293853759766,111.5,0.7799467391085857,1.4510770711427805
2025-11-24T15:15:19.144548,120,False,,,,,,,
2025-11-24T15:15:19.176344,121,False,,,,,,,
2025-11-24T15:15:19.223114,122,True,9.267766952514648,371.58526611328125,28.832725524902344,29.663036346435547,472.5,0.7403190372337697,1.0287974784769687
2025-11-24T15:15:19.254881,123,False,,,,,,,
2025-11-24T15:15:19.286782,124,False,,,,,,,
2025-11-24T15:15:19.318379,125,False,,,,,,,
2025-11-24T15:15:19.352283,126,False,,,,,,,
2025-11-24T15:15:19.382815,127,True,85.49022674560547,43.217002868652344,11.489986419677734,16.54880142211914,137.0,0.7535169039250613,1.440280203769213
2025-11-24T15:15:19.414341,128,True,392.8136901855469,363.8760986328125,11.927643775939941,14.385595321655273,127.0,0.7891452484239744,1.206071742736121
2025-11-24T15:15:19.448549,129,False,,,,,,,
2025-11-24T15:15:19.478927,130,True,69.13078308105469,59.690799713134766,9.930240631103516,14.526061058044434,107.5,0.7519665870329414,1.4628104327840208
2025-11-24T15:15:19.511580,131,False,,,,,,,
2025-11-24T15:15:19.542342,132,False,,,,,,,
2025-11-24T15:15:19.592368,133,False,,,,,,,
2025-11-24T15:15:19.623876,134,True,281.1113586425781,355.4835510253906,10.738558769226074,14.601601600646973,112.5,0.7451770137444469,1.3597355617921292
2025-11-24T15:15:19.655210,135,True,389.40643310546875,360.22998046875,19.54370880126953,20.207399368286133,264.0,0.7043986083801191,1.0339592418105537
2025-11-24T15:15:19.686541,136,False,,,,,,,
2025-11-24T15:15:19.719159,137,False,,,,,,,
2025-11-24T15:15:19.751470,138,True,86.29347229003906,44.06571578979492,11.641838073730469,13.214662551879883,115.5,0.8079268911842301,1.1351009465247164
2025-11-24T15:15:19.783250,139,True,48.9486198425293,73.92888641357422,10.881670951843262,14.592643737792969,111.0,0.7554239782404273,1.341029558910853
2025-11-24T15:15:19.814423,140,False,,,,,,,
2025-11-24T15:15:19.846062,141,True,285.07666015625,359.1482849121094,9.673824310302734,15.152823448181152,105.5,0.7676929551206663,1.5663734833048126
2025-11-24T15:15:19.880709,142,True,337.12139892578125,354.4984130859375,11.325655937194824,13.485604286193848,113.0,0.7814663512823878,1.190712764917459
2025-11-24T15:15:19.927878,143,False,,,,,,,
2025-11-24T15:15:19.959363,144,True,86.32085418701172,43.80455780029297,11.378387451171875,18.089805603027344,152.5,0.740551481627193,1.5898389899989969
2025-11-24T15:15:19.991380,145,False,,,,,,,
2025-11-24T15:15:20.022981,146,False,,,,,,,
2025-11-24T15:15:20.054812,147,False,,,,,,,
2025-11-24T15:15:20.086043,148,False,,,,,,,
2025-11-24T15:15:20.122638,149,False,,,,,,,
2025-11-24T15:15:20.151909,150,True,63.73680114746094,56.68401336669922,11.62781810760498,17.28333854675293,149.0,0.7305073639888209,1.4863783472043397
2025-11-24T15:15:20.182208,151,True,404.546875,358.2687683105469,11.89202880859375,16.91128158569336,151.5,0.7356954063378343,1.4220685499352228
2025-11-24T15:15:20.214840,152,True,283.5203552246094,357.75628662109375,12.70097541809082,16.78899574279785,156.5,0.7261434460605528,1.3218665392437232
2025-11-24T15:15:20.248052,153,True,446.30389404296875,364.1672668457031,13.105384826660156,18.8509464263916,179.5,0.7399262447637527,1.438412167007194
2025-11-24T15:15:20.298466,154,True,426.1721496582031,356.60357666015625,11.119370460510254,12.644960403442383,102.0,0.7954430523798931,1.137201005322123
2025-11-24T15:15:20.326197,155,True,38.984901428222656,54.150020599365234,10.430012702941895,13.673117637634277,104.0,0.7480172907481853,1.3109395660503909
2025-11-24T15:15:20.358665,156,False,,,,,,,
2025-11-24T15:15:20.389823,157,True,83.71930694580078,44.36051559448242,12.029387474060059,18.442235946655273,162.0,0.7350227390657896,1.5330983770641173
2025-11-24T15:15:20.422890,158,True,339.3045349121094,351.3634948730469,10.381009101867676,17.10332489013672,129.0,0.7095159168345467,1.6475588331293132
2025-11-24T15:15:20.454839,159,False,,,,,,,
2025-11-24T15:15:20.487574,160,True,88.17774963378906,44.619056701660156,11.493697166442871,15.0171537399292,120.0,0.7860730868828727,1.3065554291110104
2025-11-24T15:15:20.519294,161,True,85.56886291503906,43.70112228393555,11.344609260559082,19.354764938354492,161.0,0.7080197381939168,1.7060757922767686
2025-11-24T15:15:20.551914,162,False,,,,,,,
2025-11-24T15:15:20.581725,163,False,,,,,,,
2025-11-24T15:15:20.634477,164,True,412.2678527832031,355.90887451171875,16.697261810302734,27.539100646972656,330.0,0.7126131068091931,1.6493182720930861
2025-11-24T15:15:20.663511,165,False,,,,,,,
2025-11-24T15:15:20.695004,166,False,,,,,,,
2025-11-24T15:15:20.725379,167,True,285.0257263183594,362.0915222167969,10.699389457702637,14.616755485534668,106.5,0.7749696655957437,1.366129738261105
2025-11-24T15:15:20.758061,168,False,,,,,,,
2025-11-24T15:15:20.790495,169,True,32.082576751708984,74.20366668701172,10.27843952178955,14.580445289611816,106.5,0.7449715490140303,1.4185464476544207
2025-11-24T15:15:20.823310,170,False,,,,,,,
2025-11-24T15:15:20.856751,171,False,,,,,,,
2025-11-24T15:15:20.888033,172,False,,,,,,,
2025-11-24T15:15:20.919720,173,True,361.51312255859375,359.23046875,12.01179313659668,16.825057983398438,142.0,0.7195436534764191,1.4007114834025542
2025-11-24T15:15:20.952027,174,True,425.4549560546875,362.8401184082031,12.911470413208008,15.271503448486328,128.0,0.7290684620029529,1.182785676376442
2025-11-24T15:15:21.001472,175,False,,,,,,,
2025-11-24T15:15:21.029733,176,False,,,,,,,
2025-11-24T15:15:21.062517,177,False,,,,,,,
2025-11-24T15:15:21.092969,178,False,,,,,,,
2025-11-24T15:15:21.125705,179,False,,,,,,,
2025-11-24T15:15:21.161380,180,False,,,,,,,
2025-11-24T15:15:21.192309,181,True,340.1557922363281,350.2867736816406,11.504766464233398,15.950533866882324,122.5,0.781408062107529,1.3864281843566286
2025-11-24T15:15:21.221901,182,True,342.8771667480469,356.0069580078125,14.973387718200684,18.65691375732422,195.5,0.7006796701288553,1.2460047694244445
2025-11-24T15:15:21.253684,183,False,,,,,,,
2025-11-24T15:15:21.286228,184,False,,,,,,,
2025-11-24T15:15:21.339409,185,False,,,,,,,
2025-11-24T15:15:21.365794,186,False,,,,,,,
2025-11-24T15:15:21.398196,187,True,474.0965270996094,358.7242736816406,13.654195785522461,16.708303451538086,155.0,0.7854173719915813,1.2236753075987519
2025-11-24T15:15:21.430099,188,False,,,,,,,
2025-11-24T15:15:21.463111,189,False,,,,,,,
2025-11-24T15:15:21.494739,190,False,,,,,,,
2025-11-24T15:15:21.527068,191,False,,,,,,,
2025-11-24T15:15:21.557841,192,True,58.60538101196289,60.6782341003418,13.702310562133789,20.027362823486328,198.0,0.723891602962638,1.4616046885718
2025-11-24T15:15:21.590261,193,False,,,,,,,
2025-11-24T15:15:21.623503,194,False,,,,,,,
2025-11-24T15:15:21.655162,195,True,4.21420955657959,297.6380920410156,14.450563430786133,15.224661827087402,130.0,0.7955985936373098,1.0535686616262614
2025-11-24T15:15:21.704478,196,True,480.38665771484375,337.72991943359375,16.573501586914062,18.100488662719727,210.0,0.78993010710397,1.0921341803157123
2025-11-24T15:15:21.735561,197,True,340.2149963378906,353.658447265625,10.498544692993164,14.877832412719727,116.5,0.7431350141675684,1.4171327008320156
2025-11-24T15:15:21.765911,198,True,8.085463523864746,374.7594299316406,20.03377914428711,34.435943603515625,394.5,0.7243569674255023,1.7188939558835818
2025-11-24T15:15:21.799452,199,False,,,,,,,
2025-11-24T15:15:21.830832,200,False,,,,,,,
2025-11-24T15:15:21.860629,201,False,,,,,,,
2025-11-24T15:15:21.897750,202,True,1.3433036804199219,309.3772277832031,13.220067977905273,20.109500885009766,119.5,0.7792175492512747,1.521134338906916
2025-11-24T15:15:21.925596,203,True,294.3265075683594,364.5695495605469,12.055800437927246,13.640249252319336,125.5,0.8005445860775093,1.1314261704250916
2025-11-24T15:15:21.957472,204,False,,,,,,,
2025-11-24T15:15:21.990249,205,True,459.3933410644531,143.31814575195312,10.44079303741455,14.124391555786133,110.0,0.7486183568148378,1.3528081777278071
2025-11-24T15:15:22.042124,206,False,,,,,,,
2025-11-24T15:15:22.070327,207,False,,,,,,,
2025-11-24T15:15:22.100333,208,False,,,,,,,
2025-11-24T15:15:22.134403,209,False,,,,,,,
2025-11-24T15:15:22.166687,210,False,,,,,,,
2025-11-24T15:15:22.198351,211,True,336.645263671875,354.1764831542969,11.32494068145752,13.455436706542969,113.5,0.7939368151464078,1.188124149775865
2025-11-24T15:15:22.231472,212,False,,,,,,,
2025-11-24T15:15:22.262505,213,True,83.09870147705078,42.29852294921875,10.643758773803711,18.163171768188477,131.0,0.7461560040811472,1.706462016635461
2025-11-24T15:15:22.293903,214,True,7.94382381439209,365.3269958496094,17.280685424804688,19.876768112182617,244.0,0.7341183812890443,1.1502302410656278
2025-11-24T15:15:22.328173,215,False,,,,,,,
2025-11-24T15:15:22.359565,216,False,,,,,,,
2025-11-24T15:15:22.406239,217,True,94.09833526611328,37.013755798339844,11.636054039001465,13.79701042175293,108.5,0.7895230865458984,1.185712028304131
2025-11-24T15:15:22.440044,218,False,,,,,,,
2025-11-24T15:15:22.470395,219,True,505.1607666015625,358.6404724121094,14.389957427978516,23.136934280395508,233.5,0.7078322903804406,1.6078527534457763
2025-11-24T15:15:22.504767,220,True,7.8552703857421875,309.6043701171875,9.784475326538086,15.421799659729004,111.5,0.7385532180667185,1.576149723813119
2025-11-24T15:15:22.533916,221,False,,,,,,,
2025-11-24T15:15:22.566328,222,False,,,,,,,
2025-11-24T15:15:22.597599,223,False,,,,,,,
2025-11-24T15:15:22.630540,224,True,412.70111083984375,354.7991943359375,10.266345024108887,14.113572120666504,108.0,0.8085181376604154,1.3747415183087555
2025-11-24T15:15:22.662146,225,False,,,,,,,
2025-11-24T15:15:22.696964,226,False,,,,,,,
2025-11-24T15:15:22.745242,227,True,502.6329650878906,56.63529586791992,11.41588020324707,15.964617729187012,118.5,0.7558926968142219,1.398456890445402
2025-11-24T15:15:22.777307,228,False,,,,,,,
2025-11-24T15:15:22.806307,229,False,,,,,,,
2025-11-24T15:15:22.837489,230,True,7.750731945037842,379.85614013671875,15.58491325378418,17.958110809326172,153.5,0.7495905478033891,1.1522752398182592
2025-11-24T15:15:22.871771,231,True,477.8452453613281,17.3908634185791,14.416279792785645,18.055322647094727,178.5,0.7583913941218882,1.2524258445444663
2025-11-24T15:15:22.905004,232,False,,,,,,,
2025-11-24T15:15:22.934341,233,False,,,,,,,
2025-11-24T15:15:22.966220,234,False,,,,,,,
2025-11-24T15:15:22.998136,235,True,43.22377395629883,66.06141662597656,13.835162162780762,17.413362503051758,173.0,0.7285085304776456,1.2586308016877632
2025-11-24T15:15:23.028400,236,True,7.314879417419434,368.6573181152344,10.261212348937988,14.925935745239258,109.5,0.7967997970209759,1.4545975449174398
2025-11-24T15:15:23.063795,237,True,503.60162353515625,49.60388946533203,13.17097282409668,15.40677261352539,149.0,0.7918332543381931,1.1697519727309953
2025-11-24T15:15:23.110869,238,True,7.440364360809326,314.2159423828125,18.242897033691406,23.929452896118164,279.0,0.7196408307829183,1.3117133501445162
2025-11-24T15:15:23.143224,239,False,,,,,,,
2025-11-24T15:15:23.175711,240,True,6.583916187286377,293.7198181152344,12.692811012268066,16.50002670288086,154.0,0.7803501594040038,1.299950451242245
2025-11-24T15:15:23.205788,241,False,,,,,,,
2025-11-24T15:15:23.237199,242,False,,,,,,,
2025-11-24T15:15:23.270477,243,False,,,,,,,
2025-11-24T15:15:23.305875,244,True,4.44368839263916,292.69287109375,11.867447853088379,14.845505714416504,110.5,0.7909600879267444,1.2509433070405118
2025-11-24T15:15:23.333566,245,True,7.538455963134766,367.7151184082031,11.08655071258545,19.407079696655273,151.0,0.7303784640046826,1.7505063972799013
2025-11-24T15:15:23.365737,246,False,,,,,,,
2025-11-24T15:15:23.398926,247,True,80.82251739501953,48.797828674316406,9.62721061706543,17.023202896118164,123.5,0.7213165455971685,1.7682381538120988
2025-11-24T15:15:23.430643,248,False,,,,,,,
2025-11-24T15:15:23.481207,249,False,,,,,,,
2025-11-24T15:15:23.511158,250,True,49.44911193847656,309.7747497558594,12.00435733795166,13.873467445373535,127.0,0.7608548131142535,1.1557025419270188
2025-11-24T15:15:23.543526,251,True,85.39447784423828,43.24551010131836,13.724056243896484,14.112170219421387,138.5,0.7807872393757279,1.028279754931619
2025-11-24T15:15:23.574652,252,False,,,,,,,
2025-11-24T15:15:23.605876,253,False,,,,,,,
2025-11-24T15:15:23.637044,254,True,481.1821594238281,22.92096519470215,10.619755744934082,13.474648475646973,101.5,0.7099963589194749,1.268828354479471
2025-11-24T15:15:23.668382,255,False,,,,,,,
2025-11-24T15:15:23.701064,256,False,,,,,,,
2025-11-24T15:15:23.732656,257,False,,,,,,,
2025-11-24T15:15:23.766335,258,True,58.097206115722656,308.25653076171875,21.407590866088867,23.8850154876709,357.0,0.7167796892116979,1.1157264038421082
2025-11-24T15:15:23.815194,259,False,,,,,,,
2025-11-24T15:15:23.846421,260,False,,,,,,,
2025-11-24T15:15:23.879188,261,True,88.19386291503906,43.794578552246094,13.137174606323242,14.769389152526855,135.5,0.7030494884644993,1.1242438706092952
2025-11-24T15:15:23.908164,262,True,480.7392883300781,268.262939453125,10.006307601928711,13.90551471710205,102.5,0.7169913969383859,1.3896747812097032
2025-11-24T15:15:23.940878,263,False,,,,,,,
2025-11-24T15:15:23.973714,264,True,84.54183959960938,41.9765739440918,14.952869415283203,18.71749496459961,199.5,0.715015827062438,1.2517660117932017
2025-11-24T15:15:24.007295,265,True,3.9887566566467285,173.5902557373047,20.158845901489258,22.847248077392578,252.5,0.7126167847298092,1.1333608608191132
2025-11-24T15:15:24.039188,266,True,462.837646484375,378.57073974609375,13.529407501220703,16.81464195251465,141.5,0.7750048823903989,1.2428216614937404
2025-11-24T15:15:24.071629,267,True,507.55938720703125,74.86354064941406,12.369057655334473,20.607404708862305,137.5,0.7134266026853776,1.6660447074502986
2025-11-24T15:15:24.107365,268,True,57.20743179321289,308.6386413574219,23.300031661987305,32.673152923583984,528.0,0.7035447848312303,1.4022792756376001
2025-11-24T15:15:24.133428,269,True,7.929532051086426,365.4856262207031,17.88874626159668,27.17134666442871,325.0,0.7018159385242053,1.5189071804239633
2025-11-24T15:15:24.186226,270,False,,,,,,,
2025-11-24T15:15:24.216024,271,True,50.990211486816406,312.0329895019531,11.362223625183105,14.103789329528809,113.0,0.7287551393242864,1.241287669869625
2025-11-24T15:15:24.245936,272,True,58.26262283325195,63.205482482910156,11.339406967163086,12.454436302185059,101.0,0.787644591082051,1.0983321473441028
2025-11-24T15:15:24.278181,273,True,18.284934997558594,319.1890563964844,10.163156509399414,16.13987159729004,121.0,0.7249089164316903,1.5880764990961767
2025-11-24T15:15:24.309564,274,False,,,,,,,
2025-11-24T15:15:24.342020,275,False,,,,,,,
2025-11-24T15:15:24.372297,276,False,,,,,,,
2025-11-24T15:15:24.406176,277,True,500.6221923828125,350.2242736816406,15.890707969665527,24.169097900390625,210.5,0.7059464419442626,1.5209578091530138
2025-11-24T15:15:24.437858,278,True,38.44498825073242,94.59983825683594,11.323226928710938,16.374324798583984,137.0,0.7535169039250613,1.446082769125012
2025-11-24T15:15:24.469170,279,True,6.9975128173828125,90.90248107910156,10.915338516235352,13.878316879272461,112.0,0.7622295996660167,1.271450774264054
2025-11-24T15:15:24.517676,280,False,,,,,,,
2025-11-24T15:15:24.549005,281,True,506.4590148925781,8.391685485839844,12.90951919555664,22.58731460571289,173.5,0.7063857821769151,1.7496633696337742
2025-11-24T15:15:24.581605,282,False,,,,,,,
2025-11-24T15:15:24.613178,283,False,,,,,,,
2025-11-24T15:15:24.646388,284,True,503.21539306640625,28.501005172729492,13.304402351379395,17.989633560180664,179.0,0.7314224075585338,1.3521563564378487
2025-11-24T15:15:24.676555,285,True,436.1493835449219,148.20541381835938,9.612116813659668,15.437748908996582,110.0,0.7486183568148378,1.6060715451342242
2025-11-24T15:15:24.710162,286,False,,,,,,,
2025-11-24T15:15:24.741159,287,False,,,,,,,
2025-11-24T15:15:24.773520,288,False,,,,,,,
2025-11-24T15:15:24.805896,289,True,495.689453125,46.29328536987305,11.272377967834473,14.116557121276855,115.0,0.7145803430610792,1.252313922514333
2025-11-24T15:15:24.838343,290,False,,,,,,,
2025-11-24T15:15:24.886554,291,False,,,,,,,
2025-11-24T15:15:24.917565,292,True,472.0088806152344,356.36468505859375,14.780611991882324,20.387418746948242,220.5,0.7278962254565374,1.3793351302916352
2025-11-24T15:15:24.947791,293,False,,,,,,,
2025-11-24T15:15:24.981653,294,True,503.9534912109375,40.659610748291016,10.506356239318848,18.099271774291992,131.0,0.7461560040811472,1.7226971596356466
2025-11-24T15:15:25.014959,295,True,504.23809814453125,13.039555549621582,15.773277282714844,17.940654754638672,197.5,0.7582011505778041,1.137408117264941
2025-11-24T15:15:25.046242,296,False,,,,,,,
2025-11-24T15:15:25.078150,297,False,,,,,,,
2025-11-24T15:15:25.107959,298,False,,,,,,,
2025-11-24T15:15:25.140137,299,False,,,,,,,
2025-11-24T15:15:25.173396,300,False,,,,,,,
2025-11-24T15:15:25.222146,301,True,502.28857421875,5.388220310211182,15.931808471679688,22.703405380249023,222.5,0.7378943310265405,1.4250362095157172
2025-11-24T15:15:25.252468,302,True,482.1122131347656,64.69938659667969,10.092158317565918,14.451262474060059,108.5,0.7301409136608806,1.4319296811839761
2025-11-24T15:15:25.286268,303,True,52.05118942260742,303.61322021484375,15.246827125549316,20.339736938476562,225.0,0.748627905488896,1.3340307092721135
2025-11-24T15:15:25.317135,304,False,,,,,,,
2025-11-24T15:15:25.350303,305,True,34.62901306152344,89.65859985351562,11.401780128479004,14.2017822265625,119.5,0.7622715381375487,1.245575762815666
2025-11-24T15:15:25.382243,306,True,3.4505152702331543,307.01666259765625,10.519184112548828,19.595016479492188,110.5,0.7048619662276079,1.8627884450969854
2025-11-24T15:15:25.413966,307,False,,,,,,,
2025-11-24T15:15:25.447042,308,True,507.05731201171875,12.256965637207031,11.071502685546875,16.18442726135254,111.5,0.7385532180667185,1.4618093188624643
2025-11-24T15:15:25.478340,309,True,483.7914123535156,64.03353881835938,12.331833839416504,16.27413558959961,141.5,0.7976996023796218,1.3196848483229964
2025-11-24T15:15:25.511235,310,False,,,,,,,
2025-11-24T15:15:25.542466,311,True,507.15362548828125,9.756454467773438,20.623554229736328,35.28726577758789,268.0,0.7180425341290537,1.7110175905417369
2025-11-24T15:15:25.592073,312,False,,,,,,,
2025-11-24T15:15:25.619137,313,False,,,,,,,
2025-11-24T15:15:25.655296,314,True,5.480806350708008,295.0448913574219,11.136223793029785,14.071426391601562,111.0,0.7854160406652602,1.2635724092431158
2025-11-24T15:15:25.686156,315,False,,,,,,,
2025-11-24T15:15:25.715080,316,False,,,,,,,
2025-11-24T15:15:26.359849,317,True,425.3190002441406,362.34161376953125,11.056695938110352,18.433927536010742,136.0,0.7227471314764716,1.667218305719538
2025-11-24T15:15:26.389618,318,False,,,,,,,
2025-11-24T15:15:26.422372,319,True,80.28656768798828,41.324527740478516,8.653240203857422,16.1335506439209,103.0,0.7009790068357117,1.8644517428601115
2025-11-24T15:15:26.453628,320,True,87.41059875488281,43.54490661621094,14.978124618530273,16.2492618560791,174.0,0.7022737630108756,1.0848661755097204
2025-11-24T15:15:26.486740,321,False,,,,,,,
2025-11-24T15:15:26.518233,322,True,506.9622802734375,378.6615905761719,11.15392017364502,17.320436477661133,100.5,0.7486932876720037,1.552856274310655
2025-11-24T15:15:26.547546,323,True,502.4253234863281,378.19775390625,12.660938262939453,20.641565322875977,177.0,0.7056758840545729,1.6303344399808524
2025-11-24T15:15:26.584250,324,False,,,,,,,
2025-11-24T15:15:26.616724,325,False,,,,,,,
2025-11-24T15:15:26.663837,326,True,339.5279235839844,353.19256591796875,10.903483390808105,14.754690170288086,119.0,0.8098689496451427,1.3532087213080837
2025-11-24T15:15:26.695154,327,True,85.52277374267578,43.47676086425781,10.455414772033691,14.325007438659668,109.0,0.7839796604956941,1.3701040447359751
2025-11-24T15:15:26.727197,328,False,,,,,,,
2025-11-24T15:15:26.758934,329,False,,,,,,,
2025-11-24T15:15:26.792246,330,False,,,,,,,
2025-11-24T15:15:26.820880,331,False,,,,,,,
2025-11-24T15:15:26.855483,332,False,,,,,,,
2025-11-24T15:15:26.889199,333,False,,,,,,,
2025-11-24T15:15:26.921008,334,True,253.92288208007812,34.692359924316406,17.015493392944336,21.120649337768555,272.5,0.7049035583956802,1.2412598100309367
2025-11-24T15:15:26.952218,335,True,84.02702331542969,169.47067260742188,12.275505065917969,16.778697967529297,132.5,0.7469625214244329,1.3668436867229536
2025-11-24T15:15:27.003363,336,True,33.899696350097656,318.11419677734375,9.807964324951172,15.059556007385254,106.5,0.7166820949758874,1.535441399764556
2025-11-24T15:15:27.031652,337,True,61.978179931640625,240.3144073486328,16.552886962890625,19.033050537109375,227.0,0.7760641024288134,1.149832620131239
2025-11-24T15:15:27.064561,338,True,163.8340301513672,57.21084976196289,11.175668716430664,15.187349319458008,126.0,0.7829315063103998,1.3589654763266048
2025-11-24T15:15:27.095217,339,True,413.5095520019531,52.85606002807617,10.086861610412598,13.65338134765625,100.0,0.7933517329554884,1.3535805805029961
2025-11-24T15:15:27.126625,340,True,170.97647094726562,69.77202606201172,11.982501029968262,17.654714584350586,143.0,0.7493344802766859,1.4733746374668755
2025-11-24T15:15:27.160887,341,False,,,,,,,
2025-11-24T15:15:27.191648,342,True,4.7304368019104,5.327404499053955,11.992457389831543,14.715916633605957,115.5,0.7531349534604371,1.2270975770975905
2025-11-24T15:15:27.220367,343,True,289.24664306640625,97.51715087890625,11.421045303344727,13.084324836730957,108.5,0.7895230865458984,1.145632763339654
2025-11-24T15:15:27.256825,344,True,199.2708282470703,121.76512145996094,12.811686515808105,18.482009887695312,175.0,0.7369305944138034,1.4425898122234642
2025-11-24T15:15:27.287751,345,True,66.31513214111328,178.89979553222656,11.228333473205566,12.881348609924316,104.5,0.839254649711142,1.147218106181587
2025-11-24T15:15:27.321202,346,True,8.596363067626953,9.537025451660156,19.01972770690918,30.41685676574707,335.0,0.7421754885698936,1.5992266364292422
2025-11-24T15:15:27.365175,347,False,,,,,,,
2025-11-24T15:15:27.398296,348,False,,,,,,,
2025-11-24T15:15:27.427338,349,False,,,,,,,
2025-11-24T15:15:27.462569,350,True,139.64427185058594,191.6443634033203,12.360973358154297,20.849716186523438,190.0,0.7232610080415351,1.68673727348761
2025-11-24T15:15:27.494518,351,True,161.95870971679688,89.53113555908203,20.5611629486084,23.47966194152832,310.0,0.7219695095370674,1.1419422558087937
2025-11-24T15:15:27.527361,352,False,,,,,,,
2025-11-24T15:15:27.563638,353,True,355.2311096191406,64.3189926147461,11.307205200195312,17.445140838623047,124.5,0.7271571653995746,1.5428338821946763
2025-11-24T15:15:27.592592,354,False,,,,,,,
2025-11-24T15:15:27.624165,355,False,,,,,,,
2025-11-24T15:15:27.657098,356,False,,,,,,,
2025-11-24T15:15:27.704393,357,True,108.84465026855469,66.24141693115234,11.489763259887695,16.889387130737305,140.5,0.7541690724413209,1.4699507099288727
2025-11-24T15:15:27.736521,358,False,,,,,,,
2025-11-24T15:15:27.768150,359,True,61.95359802246094,241.75360107421875,11.242768287658691,12.834691047668457,104.0,0.8110399749755773,1.1415951639030106
2025-11-24T15:15:27.799850,360,True,132.59857177734375,313.0345458984375,16.148683547973633,18.29726219177246,197.0,0.7202355847658568,1.1330497005756692
2025-11-24T15:15:27.833149,361,True,242.0504913330078,275.2529602050781,12.064976692199707,15.792232513427734,146.0,0.7157991620293144,1.3089317623552497
2025-11-24T15:15:27.859563,362,True,6.522149085998535,371.70648193359375,23.544843673706055,26.82526397705078,359.5,0.7076535544642,1.1393264363730615
2025-11-24T15:15:27.893075,363,True,144.71420288085938,78.9013900756836,15.421688079833984,18.877120971679688,214.0,0.7607370123224215,1.2240631278427319
2025-11-24T15:15:27.926790,364,False,,,,,,,
2025-11-24T15:15:27.958087,365,False,,,,,,,
2025-11-24T15:15:27.989060,366,False,,,,,,,
2025-11-24T15:15:28.021058,367,True,127.43169403076172,132.51336669921875,51.86703872680664,65.0309066772461,2516.0,0.721479461529936,1.2538002365235417
2025-11-24T15:15:28.072490,368,False,,,,,,,
2025-11-24T15:15:28.103569,369,False,,,,,,,
2025-11-24T15:15:28.136221,370,True,367.1407470703125,145.53085327148438,10.676475524902344,14.522292137145996,114.0,0.7467694325387291,1.360213934182638
2025-11-24T15:15:28.167974,371,True,328.35064697265625,138.310791015625,10.302838325500488,16.28261947631836,117.5,0.7495138554908952,1.5804011847508248
2025-11-24T15:15:28.198681,372,True,408.4965515136719,219.0554656982422,10.53490161895752,13.649580001831055,101.0,0.714657838803525,1.2956531726518938
2025-11-24T15:15:28.227742,373,False,,,,,,,
2025-11-24T15:15:28.262980,374,True,430.7417297363281,222.13307189941406,10.188639640808105,15.452357292175293,119.0,0.7394353115153774,1.5166259991823305
2025-11-24T15:15:28.295305,375,True,419.20587158203125,279.944091796875,12.70085334777832,13.963342666625977,130.5,0.762200884214012,1.099401842134226
2025-11-24T15:15:28.327739,376,False,,,,,,,
2025-11-24T15:15:28.358586,377,False,,,,,,,
2025-11-24T15:15:28.408137,378,False,,,,,,,
2025-11-24T15:15:28.439029,379,False,,,,,,,
2025-11-24T15:15:28.470875,380,True,63.662322998046875,313.7066955566406,11.057594299316406,16.091793060302734,130.5,0.762200884214012,1.4552705741814904
2025-11-24T15:15:28.503209,381,False,,,,,,,
2025-11-24T15:15:28.535268,382,False,,,,,,,
2025-11-24T15:15:28.567056,383,False,,,,,,,
2025-11-24T15:15:28.600966,384,False,,,,,,,
2025-11-24T15:15:28.632969,385,False,,,,,,,
2025-11-24T15:15:28.659756,386,True,385.7859191894531,173.68577575683594,9.277765274047852,16.676374435424805,117.0,0.7270078272882283,1.7974557606686692
2025-11-24T15:15:28.691034,387,False,,,,,,,
2025-11-24T15:15:28.725538,388,False,,,,,,,
2025-11-24T15:15:28.777111,389,True,394.54986572265625,90.18317413330078,12.47265338897705,14.753561019897461,119.5,0.7622715422321891,1.182872591493933
2025-11-24T15:15:28.805027,390,False,,,,,,,
2025-11-24T15:15:28.840161,391,False,,,,,,,
2025-11-24T15:15:28.873160,392,False,,,,,,,
2025-11-24T15:15:28.904829,393,False,,,,,,,
2025-11-24T15:15:28.936007,394,False,,,,,,,
2025-11-24T15:15:28.968513,395,True,407.5447692871094,377.5877685546875,11.09924030303955,13.298168182373047,108.0,0.7234072956260384,1.1981150620386383
2025-11-24T15:15:28.999085,396,False,,,,,,,
2025-11-24T15:15:29.031947,397,False,,,,,,,
2025-11-24T15:15:29.063254,398,True,47.99195098876953,46.634647369384766,85.89930725097656,114.6485366821289,7185.0,0.7186620920686779,1.33468521477675
2025-11-24T15:15:29.114475,399,False,,,,,,,
2025-11-24T15:15:29.143871,400,True,474.8348083496094,196.00784301757812,10.962591171264648,12.916205406188965,101.5,0.8151612147912048,1.1782072346032506
2025-11-24T15:15:29.176370,401,True,38.20609664916992,212.25531005859375,17.24738311767578,18.646196365356445,233.0,0.8056710584799671,1.0811028639553002
2025-11-24T15:15:29.208951,402,True,397.02105712890625,280.19390869140625,11.606279373168945,15.714272499084473,120.5,0.7686503835897808,1.353945622011016
2025-11-24T15:15:29.239909,403,False,,,,,,,
2025-11-24T15:15:29.273943,404,False,,,,,,,
2025-11-24T15:15:29.305060,405,False,,,,,,,
2025-11-24T15:15:29.337445,406,True,19.976261138916016,30.86844253540039,62.51979446411133,84.83820343017578,3165.0,0.707414496118259,1.3569814616376352
2025-11-24T15:15:29.365643,407,True,419.05322265625,315.51904296875,16.687692642211914,21.268207550048828,252.5,0.7095906073321763,1.2744845396880007
2025-11-24T15:15:29.398623,408,False,,,,,,,
2025-11-24T15:15:29.432812,409,True,150.6504364013672,309.9809875488281,10.937430381774902,13.163540840148926,106.5,0.7449715490140303,1.2035312845101276
2025-11-24T15:15:29.478014,410,True,110.10972595214844,240.10475158691406,11.192712783813477,13.026435852050781,103.5,0.8312235047378296,1.1638317662414608
2025-11-24T15:15:29.509434,411,False,,,,,,,
2025-11-24T15:15:29.542187,412,False,,,,,,,
2025-11-24T15:15:29.576423,413,True,482.51416015625,377.8766174316406,12.424323081970215,15.8356294631958,125.5,0.7222717952426124,1.2745666773274182
2025-11-24T15:15:29.607532,414,False,,,,,,,
2025-11-24T15:15:29.639645,415,False,,,,,,,
2025-11-24T15:15:29.673120,416,False,,,,,,,
2025-11-24T15:15:29.705227,417,False,,,,,,,
2025-11-24T15:15:29.734939,418,False,,,,,,,
2025-11-24T15:15:29.766718,419,False,,,,,,,
2025-11-24T15:15:29.817992,420,False,,,,,,,
2025-11-24T15:15:29.844234,421,False,,,,,,,
2025-11-24T15:15:29.877104,422,False,,,,,,,
2025-11-24T15:15:29.912138,423,True,480.7120361328125,24.766698837280273,12.466389656066895,14.03947639465332,128.0,0.7668457998866963,1.1261861417619596
2025-11-24T15:15:29.945160,424,True,450.3482360839844,43.99964904785156,9.759483337402344,15.137907981872559,107.5,0.7519665912628282,1.5510971131802418
2025-11-24T15:15:29.976865,425,True,476.41815185546875,36.187294006347656,11.110847473144531,19.66705322265625,165.5,0.7121163877238281,1.7700766300784758
2025-11-24T15:15:30.007564,426,False,,,,,,,
2025-11-24T15:15:30.041524,427,False,,,,,,,
2025-11-24T15:15:30.070249,428,False,,,,,,,
2025-11-24T15:15:30.104525,429,False,,,,,,,
2025-11-24T15:15:30.135679,430,False,,,,,,,
2025-11-24T15:15:30.184987,431,True,479.8638610839844,22.042510986328125,10.428727149963379,14.60211181640625,110.5,0.7729517010896746,1.4001814609059042
2025-11-24T15:15:30.214594,432,False,,,,,,,
2025-11-24T15:15:30.244984,433,False,,,,,,,
2025-11-24T15:15:30.279041,434,False,,,,,,,
2025-11-24T15:15:30.309375,435,True,322.1405029296875,262.71038818359375,10.000055313110352,15.743669509887695,112.0,0.7622295996660167,1.5743580852887107
2025-11-24T15:15:30.342155,436,False,,,,,,,
2025-11-24T15:15:30.374898,437,False,,,,,,,
2025-11-24T15:15:30.403375,438,True,409.1582336425781,216.0922088623047,10.500344276428223,14.24123477935791,112.0,0.7336682144240145,1.3562634755761271
2025-11-24T15:15:30.437059,439,True,337.8876037597656,351.2984924316406,13.451581954956055,16.3952579498291,165.0,0.7584932145109198,1.2188348393442046
2025-11-24T15:15:30.471847,440,True,409.58209228515625,171.7860870361328,15.097522735595703,18.013267517089844,179.0,0.7014704753623613,1.1931272858091053
2025-11-24T15:15:30.506144,441,True,360.84344482421875,249.0669708251953,11.89968204498291,14.86920166015625,130.0,0.8077864747646981,1.2495460260536382
2025-11-24T15:15:30.552502,442,False,,,,,,,
2025-11-24T15:15:30.584271,443,False,,,,,,,
2025-11-24T15:15:30.611489,444,False,,,,,,,
2025-11-24T15:15:30.644505,445,False,,,,,,,
2025-11-24T15:15:30.680575,446,True,244.10513305664062,33.292442321777344,14.8646821975708,19.935815811157227,221.0,0.7641772670381494,1.3411530905963174
2025-11-24T15:15:30.708555,447,False,,,,,,,
2025-11-24T15:15:30.741163,448,False,,,,,,,
2025-11-24T15:15:30.775303,449,True,369.2497253417969,293.60894775390625,11.57248592376709,16.222320556640625,133.0,0.7211254203715846,1.4018007247278805
2025-11-24T15:15:30.806831,450,True,480.9742736816406,19.4768123626709,11.301167488098145,15.90682601928711,128.5,0.7244127094569028,1.4075381705917778
2025-11-24T15:15:30.838841,451,False,,,,,,,
2025-11-24T15:15:30.887869,452,False,,,,,,,
2025-11-24T15:15:30.917003,453,True,487.8821105957031,379.5753479003906,13.59955883026123,17.86819839477539,137.5,0.7530966171638152,1.3138806415642768
2025-11-24T15:15:30.948677,454,False,,,,,,,
2025-11-24T15:15:30.982274,455,True,384.38031005859375,209.26394653320312,10.220054626464844,16.023279190063477,121.0,0.7518627957425268,1.567827003658491
2025-11-24T15:15:31.013386,456,True,249.06500244140625,31.623878479003906,11.641483306884766,12.696906089782715,112.0,0.8055570823441995,1.0906604136616647
2025-11-24T15:15:31.047160,457,True,503.56768798828125,380.0103759765625,11.74829387664795,17.30609703063965,119.0,0.7282787126372297,1.473073089528841
2025-11-24T15:15:31.078676,458,True,406.2015380859375,171.5012969970703,10.054408073425293,14.270795822143555,105.0,0.7860593005031817,1.4193569923331002
2025-11-24T15:15:31.108765,459,False,,,,,,,
2025-11-24T15:15:31.141659,460,True,350.98199462890625,289.7977600097656,11.058503150939941,15.274006843566895,127.5,0.7837715557688232,1.3812000823157125
2025-11-24T15:15:31.172234,461,False,,,,,,,
2025-11-24T15:15:31.204857,462,False,,,,,,,
2025-11-24T15:15:31.253936,463,False,,,,,,,
2025-11-24T15:15:31.284709,464,True,415.0969543457031,349.9764404296875,9.76431941986084,13.873753547668457,101.5,0.7820608613901413,1.4208621748472061
2025-11-24T15:15:31.317433,465,False,,,,,,,
2025-11-24T15:15:31.351472,466,True,476.274169921875,332.3893737792969,10.558826446533203,13.473134994506836,102.0,0.7636004633459479,1.2760067405903572
2025-11-24T15:15:31.382328,467,True,319.32550048828125,200.3717498779297,11.590690612792969,13.524645805358887,116.5,0.7716721964553606,1.1668540805995873
2025-11-24T15:15:31.411743,468,False,,,,,,,
2025-11-24T15:15:31.446954,469,False,,,,,,,
2025-11-24T15:15:31.477002,470,True,304.67449951171875,262.52459716796875,11.570730209350586,14.746973991394043,120.0,0.7738992629992422,1.2745066603462933
2025-11-24T15:15:31.508254,471,False,,,,,,,
2025-11-24T15:15:31.541051,472,True,356.3050537109375,205.9157257080078,11.18053150177002,14.86172103881836,110.5,0.7048619662276079,1.3292498399754717
2025-11-24T15:15:31.592020,473,True,423.87591552734375,374.26336669921875,15.7391357421875,25.489835739135742,261.0,0.7497111113150022,1.619519301259533
2025-11-24T15:15:31.621796,474,False,,,,,,,
2025-11-24T15:15:31.655596,475,False,,,,,,,
2025-11-24T15:15:31.689019,476,False,,,,,,,
2025-11-24T15:15:31.721196,477,False,,,,,,,
2025-11-24T15:15:31.749679,478,False,,,,,,,
2025-11-24T15:15:31.779953,479,False,,,,,,,
2025-11-24T15:15:31.815487,480,True,175.82749938964844,4.567142486572266,13.141977310180664,14.161293983459473,107.5,0.8008410788531383,1.0775618136950644
2025-11-24T15:15:31.846442,481,False,,,,,,,
2025-11-24T15:15:31.876930,482,False,,,,,,,
2025-11-24T15:15:31.907726,483,False,,,,,,,
2025-11-24T15:15:31.957559,484,False,,,,,,,
2025-11-24T15:15:31.987776,485,False,,,,,,,
2025-11-24T15:15:32.021196,486,False,,,,,,,
2025-11-24T15:15:32.052920,487,True,422.462646484375,343.03668212890625,9.916878700256348,15.011818885803223,110.0,0.7205669963093001,1.5137643431749177
2025-11-24T15:15:32.085689,488,False,,,,,,,
2025-11-24T15:15:32.118504,489,True,219.84156799316406,32.80854034423828,10.687911987304688,16.098581314086914,127.5,0.7187752564650204,1.506241801669711
2025-11-24T15:15:32.149107,490,False,,,,,,,
2025-11-24T15:15:32.182184,491,True,179.226806640625,4.721012115478516,15.213204383850098,25.574623107910156,238.5,0.7153439685799383,1.681080512793145
2025-11-24T15:15:32.215322,492,True,419.9835510253906,321.5530700683594,11.735419273376465,16.156511306762695,130.5,0.7251091173869646,1.376730524378077
2025-11-24T15:15:32.248782,493,False,,,,,,,
2025-11-24T15:15:32.293445,494,False,,,,,,,
2025-11-24T15:15:32.326693,495,False,,,,,,,
2025-11-24T15:15:32.357846,496,False,,,,,,,
2025-11-24T15:15:32.389415,497,False,,,,,,,
2025-11-24T15:15:32.420903,498,True,436.0896301269531,303.66192626953125,10.334223747253418,14.849969863891602,110.5,0.7319294223889901,1.4369698963474118
2025-11-24T15:15:32.453458,499,False,,,,,,,
2025-11-24T15:15:32.487432,500,False,,,,,,,
2025-11-24T15:15:32.519976,501,False,,,,,,,
2025-11-24T15:15:32.548900,502,True,417.1954650878906,215.6280059814453,10.333206176757812,16.065017700195312,120.5,0.7686503794608756,1.5546981131211517
2025-11-24T15:15:32.581421,503,False,,,,,,,
2025-11-24T15:15:32.614386,504,False,,,,,,,
2025-11-24T15:15:32.662753,505,True,411.37689208984375,153.00540161132812,10.612801551818848,13.88028335571289,107.0,0.8010318586080042,1.3078810510173917
2025-11-24T15:15:32.694232,506,False,,,,,,,
2025-11-24T15:15:32.725355,507,True,180.9180145263672,5.080994606018066,17.630226135253906,20.756290435791016,226.5,0.7233629666030662,1.1773127071225387
2025-11-24T15:15:32.758220,508,True,178.16697692871094,6.05262565612793,16.08943748474121,18.130966186523438,186.0,0.7639364951202842,1.126886199522647
2025-11-24T15:15:32.789524,509,False,,,,,,,
2025-11-24T15:15:32.818732,510,True,178.5843963623047,9.373700141906738,23.082950592041016,28.09591293334961,435.0,0.7146961676889003,1.2171715918269768
2025-11-24T15:15:32.854625,511,True,466.12939453125,333.5482177734375,10.010608673095703,18.59746551513672,138.5,0.7186151563144093,1.8577755124264672
2025-11-24T15:15:32.886390,512,False,,,,,,,
2025-11-24T15:15:32.914394,513,False,,,,,,,
2025-11-24T15:15:32.949430,514,True,180.86459350585938,6.940242767333984,12.687895774841309,13.186477661132812,124.5,0.7165166414956593,1.0392957867753256
2025-11-24T15:15:33.000193,515,False,,,,,,,
2025-11-24T15:15:33.028638,516,False,,,,,,,
2025-11-24T15:15:33.061867,517,False,,,,,,,
2025-11-24T15:15:33.094073,518,True,422.6882019042969,342.0230712890625,10.63817310333252,13.203206062316895,105.5,0.7379765109951192,1.2411158093549957
2025-11-24T15:15:33.126950,519,False,,,,,,,
2025-11-24T15:15:33.158698,520,False,,,,,,,
2025-11-24T15:15:33.188630,521,False,,,,,,,
2025-11-24T15:15:33.222834,522,False,,,,,,,
2025-11-24T15:15:33.254344,523,False,,,,,,,
2025-11-24T15:15:33.285934,524,False,,,,,,,
2025-11-24T15:15:33.315720,525,True,322.1443176269531,264.863037109375,9.760257720947266,14.55923080444336,102.0,0.7636004633459479,1.491684925646145
2025-11-24T15:15:33.368428,526,False,,,,,,,
2025-11-24T15:15:33.397870,527,False,,,,,,,
2025-11-24T15:15:33.429178,528,False,,,,,,,
2025-11-24T15:15:33.462291,529,False,,,,,,,
2025-11-24T15:15:33.493596,530,False,,,,,,,
2025-11-24T15:15:33.523058,531,False,,,,,,,
2025-11-24T15:15:33.555766,532,False,,,,,,,
2025-11-24T15:15:33.589534,533,False,,,,,,,
2025-11-24T15:15:33.620705,534,True,250.2081756591797,30.04564666748047,13.994763374328613,16.080570220947266,167.5,0.8025291145906018,1.1490418695755082
2025-11-24T15:15:33.654185,535,False,,,,,,,
2025-11-24T15:15:33.702869,536,False,,,,,,,
2025-11-24T15:15:33.733282,537,False,,,,,,,
2025-11-24T15:15:33.765454,538,True,247.70663452148438,31.385536193847656,11.39396858215332,18.775497436523438,159.5,0.8161536872680827,1.6478451430949932
2025-11-24T15:15:33.797374,539,False,,,,,,,
2025-11-24T15:15:33.829569,540,True,6.5240797996521,114.0107192993164,10.85049819946289,13.335622787475586,106.0,0.7935455795555929,1.2290331110420902
2025-11-24T15:15:33.861343,541,True,3.0602593421936035,118.03372192382812,11.846505165100098,15.227049827575684,103.5,0.7531395341705114,1.2853620818967448
2025-11-24T15:15:33.894926,542,False,,,,,,,
2025-11-24T15:15:33.925792,543,False,,,,,,,
2025-11-24T15:15:33.956368,544,False,,,,,,,
2025-11-24T15:15:33.990420,545,True,476.4759216308594,13.010721206665039,10.85049819946289,13.335622787475586,106.0,0.7935455795555929,1.2290331110420902
2025-11-24T15:15:34.021628,546,True,198.57737731933594,3.6189332008361816,13.258156776428223,19.68356704711914,139.0,0.7182726670004825,1.4846381661043966
2025-11-24T15:15:34.073915,547,False,,,,,,,
2025-11-24T15:15:34.100923,548,False,,,,,,,
2025-11-24T15:15:34.134420,549,True,491.43109130859375,8.632304191589355,15.4536714553833,20.375701904296875,224.0,0.7370469173274049,1.3185022500718904
2025-11-24T15:15:34.166611,550,False,,,,,,,
2025-11-24T15:15:34.197960,551,True,493.0389099121094,374.7684020996094,32.98907470703125,40.869083404541016,809.0,0.716543010227836,1.238867186443488
2025-11-24T15:15:34.230200,552,False,,,,,,,
2025-11-24T15:15:34.262695,553,False,,,,,,,
2025-11-24T15:15:34.292283,554,False,,,,,,,
2025-11-24T15:15:34.324947,555,False,,,,,,,
2025-11-24T15:15:34.357364,556,False,,,,,,,
2025-11-24T15:15:34.387709,557,False,,,,,,,
2025-11-24T15:15:34.437221,558,False,,,,,,,
2025-11-24T15:15:34.469058,559,False,,,,,,,
2025-11-24T15:15:34.500898,560,False,,,,,,,
2025-11-24T15:15:34.531533,561,False,,,,,,,
2025-11-24T15:15:34.563068,562,False,,,,,,,
2025-11-24T15:15:34.597356,563,False,,,,,,,
2025-11-24T15:15:34.630117,564,True,5.130668640136719,110.30557250976562,14.029854774475098,20.437580108642578,188.5,0.7150472570148869,1.456720613324139
2025-11-24T15:15:34.660951,565,True,249.12493896484375,32.76169967651367,12.582609176635742,17.63979721069336,165.5,0.7344615408076637,1.4019187563680668
2025-11-24T15:15:34.694116,566,False,,,,,,,
2025-11-24T15:15:34.726491,567,False,,,,,,,
2025-11-24T15:15:34.774454,568,True,473.8586120605469,334.3011169433594,11.298727989196777,12.397984504699707,103.0,0.7710867423983591,1.0972901922467544
2025-11-24T15:15:34.805602,569,False,,,,,,,
2025-11-24T15:15:34.837834,570,True,340.0254211425781,351.6883239746094,10.24915885925293,13.363398551940918,101.5,0.8151612147912048,1.3038530704423015
2025-11-24T15:15:34.869825,571,False,,,,,,,
2025-11-24T15:15:34.902824,572,False,,,,,,,
2025-11-24T15:15:34.934277,573,False,,,,,,,
2025-11-24T15:15:34.966663,574,False,,,,,,,
2025-11-24T15:15:34.998477,575,False,,,,,,,
2025-11-24T15:15:35.032665,576,True,3.1611087322235107,111.21727752685547,15.58230972290039,20.086374282836914,157.0,0.7256578378913432,1.2890497847226965
2025-11-24T15:15:35.060434,577,False,,,,,,,
2025-11-24T15:15:35.093705,578,True,195.24868774414062,21.211719512939453,9.308109283447266,15.996484756469727,107.0,0.7282014925380695,1.7185534194751093
2025-11-24T15:15:35.143129,579,False,,,,,,,
2025-11-24T15:15:35.174524,580,False,,,,,,,
2025-11-24T15:15:35.204909,581,False,,,,,,,
2025-11-24T15:15:35.239172,582,True,486.6859130859375,341.46807861328125,10.186437606811523,14.321840286254883,109.5,0.7967997970209759,1.4059712956673667
2025-11-24T15:15:35.268346,583,False,,,,,,,
2025-11-24T15:15:35.302812,584,False,,,,,,,
2025-11-24T15:15:35.333633,585,False,,,,,,,
2025-11-24T15:15:35.366333,586,False,,,,,,,
2025-11-24T15:15:35.397784,587,True,5.910162448883057,113.92648315429688,12.526203155517578,15.641745567321777,141.0,0.7755173974703184,1.248721909137323
2025-11-24T15:15:35.431197,588,True,187.98745727539062,6.148402214050293,12.086185455322266,15.335755348205566,117.5,0.766176251355856,1.2688663545689653
2025-11-24T15:15:35.478850,589,True,254.5,30.5,10.142549514770508,13.624390602111816,106.0,0.840952831895032,1.3432903866015493
2025-11-24T15:15:35.509610,590,True,330.7709655761719,250.4214630126953,13.850043296813965,15.165775299072266,143.5,0.7702723266571498,1.0949983244862957
2025-11-24T15:15:35.544253,591,False,,,,,,,
2025-11-24T15:15:35.574546,592,True,248.2056884765625,34.10015106201172,11.243200302124023,12.944618225097656,108.5,0.7589616250518524,1.1513285119828112
2025-11-24T15:15:35.604884,593,False,,,,,,,
2025-11-24T15:15:35.634803,594,True,473.1081237792969,332.07733154296875,10.226551055908203,15.388215065002441,112.0,0.7622295996660167,1.5047315048978
2025-11-24T15:15:35.670058,595,False,,,,,,,
2025-11-24T15:15:35.702432,596,False,,,,,,,
2025-11-24T15:15:35.732686,597,False,,,,,,,
2025-11-24T15:15:35.765254,598,False,,,,,,,
2025-11-24T15:15:35.797390,599,False,,,,,,,
2025-11-24T15:15:35.846257,600,False,,,,,,,
2025-11-24T15:15:35.878400,601,False,,,,,,,
2025-11-24T15:15:35.910637,602,True,244.63722229003906,36.54524612426758,9.866645812988281,14.707375526428223,108.5,0.7589616250518524,1.4906153838472957
2025-11-24T15:15:35.942897,603,False,,,,,,,
2025-11-24T15:15:35.976402,604,False,,,,,,,
2025-11-24T15:15:36.006325,605,False,,,,,,,
2025-11-24T15:15:36.038445,606,False,,,,,,,
2025-11-24T15:15:36.072267,607,False,,,,,,,
2025-11-24T15:15:36.103993,608,False,,,,,,,
2025-11-24T15:15:36.133421,609,True,218.7352294921875,42.15367889404297,11.625760078430176,15.184054374694824,128.5,0.7505196446091996,1.306069707803175
2025-11-24T15:15:36.184932,610,False,,,,,,,
2025-11-24T15:15:36.215482,611,True,445.364013671875,22.890573501586914,16.09315299987793,22.275104522705078,268.0,0.7401257275090929,1.3841354232286622
2025-11-24T15:15:36.245153,612,False,,,,,,,
2025-11-24T15:15:36.277278,613,True,220.2437286376953,40.39374542236328,12.474360466003418,13.538414001464844,124.0,0.7428818647729719,1.0852991584668528
2025-11-24T15:15:36.311209,614,False,,,,,,,
2025-11-24T15:15:36.340012,615,False,,,,,,,
2025-11-24T15:15:36.373116,616,False,,,,,,,
2025-11-24T15:15:36.403954,617,False,,,,,,,
2025-11-24T15:15:36.435688,618,False,,,,,,,
2025-11-24T15:15:36.469773,619,False,,,,,,,
2025-11-24T15:15:36.501774,620,False,,,,,,,
2025-11-24T15:15:36.547289,621,False,,,,,,,
2025-11-24T15:15:36.578262,622,True,474.0696105957031,330.6981201171875,10.499091148376465,13.710189819335938,101.5,0.7385861132203566,1.3058452698175456
2025-11-24T15:15:36.613775,623,True,218.4395751953125,43.54758071899414,11.493900299072266,13.799049377441406,118.5,0.7558926968142219,1.20055401715997
2025-11-24T15:15:36.644134,624,False,,,,,,,
2025-11-24T15:15:36.677551,625,True,480.3961181640625,149.31309509277344,11.322061538696289,16.254589080810547,137.5,0.7751497863838455,1.4356561823657112
2025-11-24T15:15:36.708869,626,False,,,,,,,
2025-11-24T15:15:36.744313,627,False,,,,,,,
2025-11-24T15:15:36.774403,628,True,418.2065124511719,319.7458801269531,10.94101619720459,16.350936889648438,129.0,0.7095159203735708,1.4944622236610754
2025-11-24T15:15:36.805770,629,True,470.78680419921875,114.48816680908203,10.18505859375,16.57040786743164,122.5,0.7530354163269085,1.626932833814735
2025-11-24T15:15:36.837281,630,False,,,,,,,
2025-11-24T15:15:36.886281,631,True,504.21490478515625,359.5311279296875,12.583361625671387,14.642709732055664,131.0,0.7205161636071754,1.1636563427158169
2025-11-24T15:15:36.918443,632,True,407.5940856933594,172.0802764892578,13.700246810913086,16.72911834716797,168.5,0.7818221767489019,1.2210814415956917
2025-11-24T15:15:36.948882,633,False,,,,,,,
2025-11-24T15:15:36.983593,634,True,411.1415710449219,350.8450012207031,18.196361541748047,21.266321182250977,263.0,0.7088009009525442,1.168712765172682
2025-11-24T15:15:37.011036,635,True,414.3466796875,312.29345703125,11.586766242980957,13.470030784606934,112.5,0.7743527501399838,1.1625357187326624
2025-11-24T15:15:37.046902,636,True,413.8394470214844,318.2595520019531,11.625018119812012,19.534732818603516,171.0,0.7200864665414879,1.6804043603946703
2025-11-24T15:15:37.077111,637,False,,,,,,,
2025-11-24T15:15:37.110491,638,False,,,,,,,
2025-11-24T15:15:37.142842,639,True,505.7140808105469,350.480712890625,12.01954174041748,13.812359809875488,118.0,0.7610009419492548,1.1491585086202487
2025-11-24T15:15:37.173373,640,True,409.1015930175781,172.44464111328125,12.672425270080566,17.348691940307617,146.0,0.7398124923275541,1.3690110773236577
2025-11-24T15:15:37.205838,641,False,,,,,,,
2025-11-24T15:15:37.255274,642,False,,,,,,,
2025-11-24T15:15:37.287003,643,False,,,,,,,
2025-11-24T15:15:37.317275,644,False,,,,,,,
2025-11-24T15:15:37.352597,645,False,,,,,,,
2025-11-24T15:15:37.380430,646,True,431.0585021972656,160.68572998046875,10.152260780334473,14.623688697814941,114.0,0.7758408425171955,1.4404365267788786
2025-11-24T15:15:37.412684,647,False,,,,,,,
2025-11-24T15:15:37.446339,648,True,314.2255554199219,177.0,11.05158805847168,13.159960746765137,101.0,0.787644591082051,1.1907754330294493
2025-11-24T15:15:37.477545,649,False,,,,,,,
2025-11-24T15:15:37.510496,650,False,,,,,,,
2025-11-24T15:15:37.543360,651,True,414.89105224609375,315.7663269042969,12.284939765930176,16.29046630859375,143.5,0.7445579453480122,1.326051677332633
2025-11-24T15:15:37.589206,652,False,,,,,,,
2025-11-24T15:15:37.619639,653,False,,,,,,,
2025-11-24T15:15:37.652971,654,False,,,,,,,
2025-11-24T15:15:37.684294,655,True,179.76788330078125,12.265056610107422,11.728907585144043,18.70337677001953,161.0,0.730485561664149,1.5946391460250124
2025-11-24T15:15:37.716175,656,False,,,,,,,
2025-11-24T15:15:37.748668,657,False,,,,,,,
2025-11-24T15:15:37.781287,658,False,,,,,,,
2025-11-24T15:15:37.813911,659,False,,,,,,,
2025-11-24T15:15:37.844066,660,False,,,,,,,
2025-11-24T15:15:37.875835,661,False,,,,,,,
2025-11-24T15:15:37.909493,662,False,,,,,,,
2025-11-24T15:15:37.955516,663,False,,,,,,,
2025-11-24T15:15:37.986149,664,False,,,,,,,
2025-11-24T15:15:38.019797,665,False,,,,,,,
2025-11-24T15:15:38.050392,666,False,,,,,,,
2025-11-24T15:15:38.082657,667,False,,,,,,,
2025-11-24T15:15:38.114134,668,False,,,,,,,
2025-11-24T15:15:38.147092,669,False,,,,,,,
2025-11-24T15:15:38.178193,670,False,,,,,,,
2025-11-24T15:15:38.210888,671,False,,,,,,,
2025-11-24T15:15:38.243739,672,True,486.0213623046875,179.7746124267578,12.056323051452637,12.716115951538086,111.0,0.8309769748176492,1.0547257934731733
2025-11-24T15:15:38.274769,673,False,,,,,,,
2025-11-24T15:15:38.322396,674,False,,,,,,,
2025-11-24T15:15:38.355491,675,False,,,,,,,
2025-11-24T15:15:38.387561,676,False,,,,,,,
2025-11-24T15:15:38.418673,677,True,480.1684875488281,149.6162109375,10.392450332641602,14.010334968566895,108.0,0.7350071139636589,1.3481261080878868
2025-11-24T15:15:38.450261,678,True,218.72279357910156,41.3265495300293,10.669350624084473,13.172200202941895,105.5,0.7805299736760973,1.23458300626325
2025-11-24T15:15:38.483850,679,True,465.0843811035156,345.2923583984375,9.218032836914062,15.857210159301758,110.0,0.7205669963093001,1.7202377903844086
2025-11-24T15:15:38.515797,680,True,484.93255615234375,175.32925415039062,10.988107681274414,15.312575340270996,126.0,0.7548638303338263,1.393558781081789
2025-11-24T15:15:38.546402,681,True,473.9743957519531,336.45062255859375,12.530402183532715,17.88825798034668,161.5,0.7493429206136667,1.4275883799058586
2025-11-24T15:15:38.578101,682,False,,,,,,,
2025-11-24T15:15:38.610848,683,False,,,,,,,
2025-11-24T15:15:38.658945,684,False,,,,,,,
2025-11-24T15:15:38.690209,685,False,,,,,,,
2025-11-24T15:15:38.723062,686,False,,,,,,,
2025-11-24T15:15:38.754259,687,False,,,,,,,
2025-11-24T15:15:38.786907,688,True,465.3629150390625,337.0488586425781,11.015915870666504,17.837751388549805,141.5,0.7595368238465973,1.6192706969356927
2025-11-24T15:15:38.818508,689,False,,,,,,,
2025-11-24T15:15:38.851111,690,True,476.3016357421875,111.40692901611328,12.121862411499023,18.633554458618164,168.0,0.7294086481310604,1.537185647624278
2025-11-24T15:15:38.882385,691,False,,,,,,,
2025-11-24T15:15:38.915016,692,False,,,,,,,
2025-11-24T15:15:38.946716,693,False,,,,,,,
2025-11-24T15:15:38.977856,694,False,,,,,,,
2025-11-24T15:15:39.026494,695,False,,,,,,,
2025-11-24T15:15:39.058103,696,False,,,,,,,
2025-11-24T15:15:39.090856,697,False,,,,,,,
2025-11-24T15:15:39.123118,698,False,,,,,,,
2025-11-24T15:15:39.154595,699,False,,,,,,,
2025-11-24T15:15:39.186172,700,True,179.0935821533203,16.157878875732422,17.65877342224121,20.039091110229492,247.5,0.7583336207846088,1.134795124003072
2025-11-24T15:15:39.218765,701,False,,,,,,,
2025-11-24T15:15:39.251252,702,False,,,,,,,
2025-11-24T15:15:39.282785,703,False,,,,,,,
2025-11-24T15:15:39.314494,704,True,216.54550170898438,42.935302734375,9.966657638549805,14.521906852722168,105.0,0.755209769005352,1.4570486839544425
2025-11-24T15:15:39.362610,705,True,308.46624755859375,260.8547668457031,9.292596817016602,15.035820007324219,103.5,0.7531395341705114,1.6180426941313044
2025-11-24T15:15:39.394692,706,False,,,,,,,
2025-11-24T15:15:39.426390,707,False,,,,,,,
2025-11-24T15:15:39.458220,708,False,,,,,,,
2025-11-24T15:15:39.489799,709,True,471.7811584472656,333.3827209472656,10.96577262878418,16.779279708862305,124.5,0.7271571653995746,1.530150108590441
2025-11-24T15:15:39.522319,710,False,,,,,,,
2025-11-24T15:15:39.554959,711,False,,,,,,,
2025-11-24T15:15:39.587414,712,False,,,,,,,
2025-11-24T15:15:39.618729,713,False,,,,,,,
2025-11-24T15:15:39.652331,714,True,221.9976348876953,39.194461822509766,11.930724143981934,16.87830924987793,148.0,0.7499469064402114,1.4146926566648503
2025-11-24T15:15:39.683912,715,False,,,,,,,
2025-11-24T15:15:39.729912,716,False,,,,,,,
2025-11-24T15:15:39.761946,717,False,,,,,,,
2025-11-24T15:15:39.794202,718,False,,,,,,,
2025-11-24T15:15:39.826970,719,True,459.00579833984375,338.0,12.089797973632812,12.672630310058594,104.0,0.7785730214507705,1.0482085217212382
2025-11-24T15:15:39.858049,720,True,503.09857177734375,310.6186218261719,16.856203079223633,18.568771362304688,198.0,0.7991391096330654,1.101598632469804
2025-11-24T15:15:39.890410,721,False,,,,,,,
2025-11-24T15:15:39.921534,722,False,,,,,,,
2025-11-24T15:15:39.954222,723,True,220.5289306640625,41.226810455322266,11.61076545715332,15.545326232910156,131.5,0.7413250684325504,1.3388716662484224
2025-11-24T15:15:39.987747,724,False,,,,,,,
2025-11-24T15:15:40.019123,725,False,,,,,,,
2025-11-24T15:15:40.066976,726,True,471.49383544921875,18.331743240356445,13.10871410369873,16.990097045898438,158.0,0.7642370682962905,1.2960917154347602
2025-11-24T15:15:40.098855,727,True,477.2650146484375,335.42919921875,10.181593894958496,14.700291633605957,112.5,0.757058551030867,1.443810305287724
2025-11-24T15:15:40.131223,728,False,,,,,,,
2025-11-24T15:15:40.162356,729,False,,,,,,,
2025-11-24T15:15:40.194022,730,False,,,,,,,
2025-11-24T15:15:40.225729,731,False,,,,,,,
2025-11-24T15:15:40.258334,732,False,,,,,,,
2025-11-24T15:15:40.290048,733,False,,,,,,,
2025-11-24T15:15:40.322074,734,False,,,,,,,
2025-11-24T15:15:40.354335,735,False,,,,,,,
2025-11-24T15:15:40.385930,736,False,,,,,,,
2025-11-24T15:15:40.436018,737,False,,,,,,,
2025-11-24T15:15:40.466240,738,True,478.8783264160156,149.18870544433594,10.732840538024902,15.25036907196045,124.0,0.7428818647729719,1.4209069441611155
2025-11-24T15:15:40.498443,739,True,477.7550354003906,147.84654235839844,11.505939483642578,16.11023712158203,133.0,0.731516410379804,1.4001669089532622
2025-11-24T15:15:40.530964,740,True,487.8281555175781,346.5332336425781,10.181612014770508,16.22260856628418,118.5,0.728446508614626,1.5933240187728581
2025-11-24T15:15:40.562780,741,False,,,,,,,
2025-11-24T15:15:40.594328,742,True,484.8642578125,217.13986206054688,10.466025352478027,13.945829391479492,103.0,0.7710867423983591,1.332485598813494
2025-11-24T15:15:40.626689,743,False,,,,,,,
2025-11-24T15:15:40.658284,744,False,,,,,,,
2025-11-24T15:15:40.690570,745,False,,,,,,,
2025-11-24T15:15:40.722873,746,False,,,,,,,
2025-11-24T15:15:40.770359,747,False,,,,,,,
2025-11-24T15:15:40.803381,748,False,,,,,,,
2025-11-24T15:15:40.835292,749,True,479.6916198730469,336.70928955078125,14.641385078430176,22.14366340637207,239.0,0.745872369885051,1.5124021242083303
2025-11-24T15:15:40.866373,750,True,419.4945373535156,347.31805419921875,9.822498321533203,16.073511123657227,120.5,0.7686503794608756,1.6363972750214757
2025-11-24T15:15:40.898864,751,False,,,,,,,
2025-11-24T15:15:40.930743,752,False,,,,,,,
2025-11-24T15:15:40.962323,753,False,,,,,,,
2025-11-24T15:15:40.995378,754,True,462.073486328125,304.27667236328125,12.482078552246094,13.6185941696167,126.0,0.8253767457199317,1.0910517043745402
2025-11-24T15:15:41.027223,755,False,,,,,,,
2025-11-24T15:15:41.058108,756,False,,,,,,,
2025-11-24T15:15:41.090186,757,False,,,,,,,
2025-11-24T15:15:41.138699,758,False,,,,,,,
2025-11-24T15:15:41.170250,759,False,,,,,,,
2025-11-24T15:15:41.202284,760,True,245.68748474121094,132.73599243164062,12.271112442016602,14.527671813964844,129.5,0.8260599513708163,1.1838919004873454
2025-11-24T15:15:41.235127,761,False,,,,,,,
2025-11-24T15:15:41.267621,762,True,328.8006591796875,265.56939697265625,12.351685523986816,14.689653396606445,127.0,0.7608548131142535,1.18928320987416
2025-11-24T15:15:41.302091,763,True,473.61114501953125,327.1978759765625,10.287041664123535,13.876322746276855,102.0,0.7954430523798931,1.3489127244189505
2025-11-24T15:15:41.333623,764,False,,,,,,,
2025-11-24T15:15:41.367613,765,True,465.5202941894531,305.1543884277344,12.007142066955566,12.708788871765137,111.0,0.7554239782404273,1.0584356995579194
2025-11-24T15:15:41.397002,766,False,,,,,,,
2025-11-24T15:15:41.431925,767,True,459.5,304.8455810546875,11.525003433227539,13.077861785888672,110.0,0.7783402204790867,1.1347381132612946
2025-11-24T15:15:41.478606,768,True,378.0902404785156,315.4130554199219,14.046619415283203,19.417207717895508,207.0,0.7879738350768304,1.3823401746350974
2025-11-24T15:15:41.508698,769,True,412.50482177734375,73.44185638427734,9.292106628417969,16.853099822998047,116.0,0.7207940851746537,1.8137004538621966
2025-11-24T15:15:41.541369,770,False,,,,,,,
2025-11-24T15:15:41.571246,771,True,503.03662109375,75.89598846435547,12.466946601867676,19.86576271057129,173.0,0.7747949833476472,1.5934744690508844
2025-11-24T15:15:41.604299,772,True,221.52560424804688,295.1658630371094,11.720458984375,13.230884552001953,116.5,0.8149219292031411,1.1288707584549207
2025-11-24T15:15:41.636619,773,False,,,,,,,
2025-11-24T15:15:41.668023,774,False,,,,,,,
2025-11-24T15:15:41.698959,775,False,,,,,,,
2025-11-24T15:15:41.733779,776,True,248.15757751464844,279.2613220214844,11.62373161315918,16.9117374420166,147.5,0.7401827960357658,1.4549317336215128
2025-11-24T15:15:41.765267,777,False,,,,,,,
2025-11-24T15:15:41.797373,778,True,404.978515625,163.11375427246094,15.335512161254883,17.125446319580078,185.5,0.7207529840802196,1.1167181782248705
2025-11-24T15:15:41.842537,779,True,354.4672546386719,290.39501953125,11.585041999816895,12.556252479553223,107.0,0.7695947125966907,1.0838330491955601
2025-11-24T15:15:41.877828,780,True,464.6076965332031,297.58795166015625,11.183027267456055,13.238381385803223,106.5,0.7449715490140303,1.1837921776812896
2025-11-24T15:15:41.906578,781,True,457.6468200683594,337.92047119140625,11.768926620483398,15.138096809387207,129.5,0.7563602644116058,1.2862766513271686
2025-11-24T15:15:41.938789,782,True,222.7639617919922,295.3260498046875,12.580235481262207,16.075809478759766,151.0,0.7651485329221076,1.2778622645690394
2025-11-24T15:15:41.971105,783,True,298.3582458496094,289.4273376464844,12.658576965332031,18.096302032470703,156.0,0.7077996778624985,1.4295683197615825
2025-11-24T15:15:42.003853,784,True,504.2135314941406,14.856823921203613,10.41599178314209,14.481781959533691,113.5,0.7637879603733636,1.3903410131938587
2025-11-24T15:15:42.034600,785,True,462.30975341796875,307.078857421875,17.485763549804688,25.441194534301758,313.5,0.7027989095312562,1.4549660932375947
2025-11-24T15:15:42.066343,786,True,475.33831787109375,329.9107360839844,10.940058708190918,13.381088256835938,104.0,0.8110399749755773,1.2231275343787567
2025-11-24T15:15:42.100855,787,True,409.0557861328125,171.39137268066406,15.666858673095703,19.42534828186035,222.0,0.7112689391458797,1.2399005727496881
2025-11-24T15:15:42.130485,788,True,466.10089111328125,298.5036315917969,10.572761535644531,14.103767395019531,109.5,0.7659566630707636,1.333971830680083
2025-11-24T15:15:42.162056,789,True,411.7126159667969,163.18777465820312,24.90813446044922,26.703548431396484,365.0,0.7265258001413267,1.0720813877778261
2025-11-24T15:15:42.216084,790,True,303.61138916015625,281.5039367675781,9.461567878723145,16.327983856201172,117.5,0.7495138554908952,1.7257163231056734
2025-11-24T15:15:42.244327,791,True,488.4288024902344,213.35581970214844,13.115680694580078,14.77753734588623,147.0,0.8085181377882045,1.1267075314882717
2025-11-24T15:15:42.277589,792,True,408.9767761230469,169.2337188720703,12.459802627563477,15.706778526306152,146.5,0.7976493575760029,1.2605959929865784
2025-11-24T15:15:42.308012,793,True,353.0,292.0,11.469014167785645,12.754117965698242,100.0,0.8130585884790033,1.1120499693401937
2025-11-24T15:15:42.338882,794,True,419.5950622558594,182.9541015625,11.971923828125,14.727056503295898,131.0,0.7848187442359623,1.2301327242465152
2025-11-24T15:15:42.372633,795,True,506.8526916503906,326.26776123046875,15.001237869262695,17.124923706054688,157.0,0.7256578378913432,1.1415672968946178
2025-11-24T15:15:42.403195,796,True,407.2795715332031,172.46533203125,11.744731903076172,15.773880958557129,138.0,0.7976387501733475,1.3430599987868304
2025-11-24T15:15:42.436144,797,True,494.82354736328125,128.98019409179688,9.771819114685059,15.481528282165527,112.0,0.7745507155229854,1.584303446079604
2025-11-24T15:15:42.466591,798,True,389.3784484863281,297.2004089355469,12.659202575683594,17.27642822265625,165.0,0.8089511077728553,1.3647326326153444
2025-11-24T15:15:42.500584,799,False,,,,,,,
2025-11-24T15:15:42.547114,800,False,,,,,,,
2025-11-24T15:15:42.581924,801,True,361.3218078613281,237.2134246826172,12.47064208984375,16.748197555541992,158.5,0.795382868960467,1.343009934201544
2025-11-24T15:15:42.612097,802,False,,,,,,,
2025-11-24T15:15:42.646992,803,True,182.49978637695312,5.7071990966796875,12.647988319396973,17.829336166381836,152.0,0.759709927422762,1.4096577500297809
2025-11-24T15:15:42.675075,804,False,,,,,,,
2025-11-24T15:15:42.708547,805,False,,,,,,,
2025-11-24T15:15:42.740158,806,False,,,,,,,
2025-11-24T15:15:42.772257,807,False,,,,,,,
2025-11-24T15:15:42.802575,808,False,,,,,,,
2025-11-24T15:15:42.837915,809,False,,,,,,,
2025-11-24T15:15:42.866570,810,False,,,,,,,
2025-11-24T15:15:42.913375,811,False,,,,,,,
2025-11-24T15:15:42.949397,812,False,,,,,,,
2025-11-24T15:15:42.977947,813,False,,,,,,,
2025-11-24T15:15:43.012230,814,False,,,,,,,
2025-11-24T15:15:43.044975,815,False,,,,,,,
2025-11-24T15:15:43.074806,816,False,,,,,,,
2025-11-24T15:15:43.114586,817,False,,,,,,,
2025-11-24T15:15:43.138858,818,False,,,,,,,
2025-11-24T15:15:43.174706,819,True,28.007862091064453,358.75653076171875,10.256254196166992,16.204042434692383,123.0,0.7368908819925447,1.579918023173626
2025-11-24T15:15:43.204687,820,True,415.2524108886719,321.5402526855469,10.140371322631836,19.657075881958008,141.5,0.7004346779915279,1.93849646310188
2025-11-24T15:15:43.250745,821,False,,,,,,,
2025-11-24T15:15:43.285057,822,False,,,,,,,
2025-11-24T15:15:43.314249,823,False,,,,,,,
2025-11-24T15:15:43.352646,824,True,407.59521484375,171.64205932617188,10.917275428771973,14.207359313964844,109.5,0.7659566630707636,1.3013648052844033
2025-11-24T15:15:43.381541,825,True,31.55344009399414,362.15875244140625,11.79759407043457,18.427236557006836,149.0,0.7305073639888209,1.5619485536663753
2025-11-24T15:15:43.412250,826,False,,,,,,,
2025-11-24T15:15:43.442227,827,False,,,,,,,
2025-11-24T15:15:43.474542,828,False,,,,,,,
2025-11-24T15:15:43.507426,829,False,,,,,,,
2025-11-24T15:15:43.537982,830,True,32.50788879394531,358.75360107421875,10.386319160461426,16.433860778808594,125.5,0.7075003504812554,1.5822601773214064
2025-11-24T15:15:43.571532,831,False,,,,,,,
2025-11-24T15:15:43.620449,832,False,,,,,,,
2025-11-24T15:15:43.652373,833,False,,,,,,,
2025-11-24T15:15:43.683535,834,False,,,,,,,
2025-11-24T15:15:43.715279,835,False,,,,,,,
2025-11-24T15:15:43.746858,836,False,,,,,,,
2025-11-24T15:15:43.779073,837,False,,,,,,,
2025-11-24T15:15:43.811830,838,False,,,,,,,
2025-11-24T15:15:43.845176,839,False,,,,,,,
2025-11-24T15:15:43.876260,840,True,24.01737403869629,363.335693359375,10.904253959655762,14.498605728149414,106.5,0.7330539367991847,1.3296282764656784
2025-11-24T15:15:43.909588,841,False,,,,,,,
2025-11-24T15:15:43.954476,842,True,403.66845703125,150.00865173339844,10.911299705505371,14.285173416137695,114.0,0.7758408425171955,1.3092090303156996
2025-11-24T15:15:43.989716,843,False,,,,,,,
2025-11-24T15:15:44.025286,844,True,478.35357666015625,333.55059814453125,12.65595531463623,19.526386260986328,173.0,0.7069054553498678,1.5428613828577027
2025-11-24T15:15:44.052224,845,True,416.0315856933594,344.63287353515625,11.718744277954102,13.232991218566895,114.0,0.8066435012237806,1.1292157056661578
2025-11-24T15:15:44.083357,846,False,,,,,,,
2025-11-24T15:15:44.116244,847,False,,,,,,,
2025-11-24T15:15:44.147161,848,False,,,,,,,
2025-11-24T15:15:44.180125,849,False,,,,,,,
2025-11-24T15:15:44.214275,850,False,,,,,,,
2025-11-24T15:15:44.247526,851,True,323.2468566894531,226.65098571777344,12.881376266479492,13.99866008758545,133.0,0.731516410379804,1.0867362858794147
2025-11-24T15:15:44.275524,852,True,286.3376770019531,289.0146484375,9.311299324035645,14.64432430267334,102.0,0.7336323428491818,1.572747499602321
2025-11-24T15:15:44.329302,853,False,,,,,,,
2025-11-24T15:15:44.355883,854,True,496.1471252441406,302.78466796875,11.840557098388672,13.42757797241211,111.0,0.7854160406652602,1.134032522862196
2025-11-24T15:15:44.390965,855,False,,,,,,,
2025-11-24T15:15:44.421854,856,True,464.3324279785156,303.0899963378906,14.274876594543457,15.855173110961914,148.0,0.8024553549999588,1.1107046632065358
2025-11-24T15:15:44.452683,857,False,,,,,,,
2025-11-24T15:15:44.485229,858,True,308.7179870605469,238.0818328857422,11.338608741760254,17.32158088684082,146.0,0.7650547840587142,1.5276635567626253
2025-11-24T15:15:44.517393,859,True,285.9244384765625,273.16552734375,10.823344230651855,17.501935958862305,142.5,0.7053847463872277,1.6170542088315352
2025-11-24T15:15:44.550603,860,False,,,,,,,
2025-11-24T15:15:44.580742,861,True,323.80389404296875,260.9121398925781,10.395529747009277,15.32671070098877,119.5,0.7345937326617596,1.4743557663371982
2025-11-24T15:15:44.610850,862,True,490.9352111816406,239.83364868164062,12.547327995300293,18.453794479370117,171.5,0.7158189015964458,1.4707348859890532
2025-11-24T15:15:44.661037,863,False,,,,,,,
2025-11-24T15:15:44.692741,864,True,510.75640869140625,63.80154037475586,13.073232650756836,24.272153854370117,122.0,0.7200693386526382,1.8566296987253
2025-11-24T15:15:44.724621,865,False,,,,,,,
2025-11-24T15:15:44.757026,866,True,297.690673828125,287.0175476074219,14.356844902038574,18.664674758911133,188.0,0.7071755244549828,1.300053987224372
2025-11-24T15:15:44.790031,867,True,464.43603515625,294.599853515625,13.619690895080566,18.0924129486084,178.0,0.7495636903180402,1.3284010451912924
2025-11-24T15:15:44.822545,868,True,186.99252319335938,7.106955528259277,12.289094924926758,17.54616928100586,150.0,0.7497137441671994,1.4277835723794656
2025-11-24T15:15:44.853225,869,True,504.7998962402344,304.96575927734375,14.11600112915039,15.073145866394043,155.0,0.7599237714865261,1.067805581813217
2025-11-24T15:15:44.886035,870,False,,,,,,,
2025-11-24T15:15:44.918449,871,True,186.85472106933594,8.277271270751953,12.64676284790039,18.19365119934082,164.5,0.7206988706319674,1.4386013226902565
2025-11-24T15:15:44.949607,872,True,395.57818603515625,257.5205078125,12.365320205688477,13.721463203430176,122.0,0.7580765378561013,1.1096730101210657
2025-11-24T15:15:44.981024,873,True,335.710205078125,244.49024963378906,9.631670951843262,14.551267623901367,103.5,0.7657331969239437,1.5107727606022356
2025-11-24T15:15:45.032013,874,True,287.53466796875,272.4296569824219,12.126725196838379,20.91323471069336,185.0,0.7338503520547308,1.724557343114233
2025-11-24T15:15:45.062024,875,True,482.1685485839844,151.35711669921875,12.804336547851562,17.458751678466797,168.5,0.725024841881964,1.3635029233821
2025-11-24T15:15:45.094293,876,True,433.1582336425781,163.4522705078125,11.12955093383789,13.765868186950684,110.0,0.7486183568148378,1.2368753269480177
2025-11-24T15:15:45.126620,877,True,462.2762145996094,301.0307922363281,11.039679527282715,15.482263565063477,126.0,0.7176767672841569,1.4024195289711205
2025-11-24T15:15:45.158151,878,False,,,,,,,
2025-11-24T15:15:45.189431,879,True,465.4127502441406,266.5397644042969,11.380013465881348,14.18152904510498,119.0,0.7508502520486185,1.2461784725865606
2025-11-24T15:15:45.221010,880,True,496.05859375,262.9056091308594,11.508231163024902,13.98987865447998,119.5,0.7622715381375487,1.2156409825853554
2025-11-24T15:15:45.252520,881,False,,,,,,,
2025-11-24T15:15:45.283181,882,False,,,,,,,
2025-11-24T15:15:45.316784,883,False,,,,,,,
2025-11-24T15:15:45.346450,884,False,,,,,,,
2025-11-24T15:15:45.398278,885,False,,,,,,,
2025-11-24T15:15:45.426647,886,False,,,,,,,
2025-11-24T15:15:45.460187,887,False,,,,,,,
2025-11-24T15:15:45.492545,888,False,,,,,,,
2025-11-24T15:15:45.524004,889,False,,,,,,,
2025-11-24T15:15:45.556134,890,False,,,,,,,
2025-11-24T15:15:45.590352,891,False,,,,,,,
2025-11-24T15:15:45.621527,892,False,,,,,,,
2025-11-24T15:15:45.651505,893,False,,,,,,,
2025-11-24T15:15:45.685987,894,False,,,,,,,
2025-11-24T15:15:45.733060,895,False,,,,,,,
2025-11-24T15:15:45.765475,896,False,,,,,,,
2025-11-24T15:15:45.797232,897,False,,,,,,,
2025-11-24T15:15:45.829383,898,False,,,,,,,
2025-11-24T15:15:45.861751,899,False,,,,,,,
2025-11-24T15:15:45.892506,900,False,,,,,,,
2025-11-24T15:15:45.925502,901,False,,,,,,,
2025-11-24T15:15:45.956870,902,False,,,,,,,
2025-11-24T15:15:45.991508,903,False,,,,,,,
2025-11-24T15:15:46.020990,904,False,,,,,,,
2025-11-24T15:15:46.053015,905,False,,,,,,,
2025-11-24T15:15:46.101972,906,False,,,,,,,
2025-11-24T15:15:46.132687,907,False,,,,,,,
2025-11-24T15:15:46.165972,908,False,,,,,,,
2025-11-24T15:15:46.197102,909,False,,,,,,,
2025-11-24T15:15:46.231733,910,False,,,,,,,
2025-11-24T15:15:46.261833,911,False,,,,,,,
2025-11-24T15:15:46.292345,912,False,,,,,,,
2025-11-24T15:15:46.325173,913,False,,,,,,,
2025-11-24T15:15:46.355717,914,False,,,,,,,
2025-11-24T15:15:46.387988,915,False,,,,,,,
2025-11-24T15:15:46.438678,916,False,,,,,,,
2025-11-24T15:15:46.467450,917,False,,,,,,,
2025-11-24T15:15:46.499969,918,False,,,,,,,
2025-11-24T15:15:46.531265,919,False,,,,,,,
2025-11-24T15:15:46.563729,920,True,407.2845153808594,248.6175537109375,9.530834197998047,15.436049461364746,106.0,0.72139587111248,1.6195904284030733
2025-11-24T15:15:46.598486,921,False,,,,,,,
2025-11-24T15:15:46.627764,922,False,,,,,,,
2025-11-24T15:15:46.661316,923,True,432.2770080566406,228.55233764648438,10.211933135986328,15.050918579101562,109.0,0.771264400292913,1.4738558218920454
2025-11-24T15:15:46.692619,924,False,,,,,,,
2025-11-24T15:15:46.724175,925,False,,,,,,,
2025-11-24T15:15:46.756762,926,False,,,,,,,
2025-11-24T15:15:46.806853,927,False,,,,,,,
2025-11-24T15:15:46.841082,928,False,,,,,,,
2025-11-24T15:15:46.868039,929,True,488.05767822265625,230.35635375976562,9.73952579498291,14.4176607131958,103.5,0.723986434957297,1.4803245595692311
2025-11-24T15:15:46.899550,930,False,,,,,,,
2025-11-24T15:15:46.930772,931,False,,,,,,,
2025-11-24T15:15:46.962428,932,False,,,,,,,
2025-11-24T15:15:46.994302,933,False,,,,,,,
2025-11-24T15:15:47.026635,934,True,287.14251708984375,263.2650146484375,13.84344482421875,15.315300941467285,151.0,0.7651485329221076,1.1063214416365588
2025-11-24T15:15:47.057676,935,True,286.88433837890625,272.0399475097656,10.919581413269043,13.996824264526367,112.5,0.7451770137444469,1.2818094808752012
2025-11-24T15:15:47.091158,936,True,200.73045349121094,42.51348114013672,10.973122596740723,17.129501342773438,140.0,0.7440044036971374,1.561041502153617
2025-11-24T15:15:47.138731,937,True,505.5244445800781,315.9976501464844,16.418787002563477,23.529888153076172,238.0,0.708522372057537,1.4331074954742355
2025-11-24T15:15:47.173965,938,True,406.2672424316406,171.13504028320312,14.000016212463379,17.941068649291992,179.5,0.7182122322212178,1.281503327961635
2025-11-24T15:15:47.204519,939,True,314.66143798828125,162.4508819580078,10.467931747436523,14.95359992980957,113.5,0.7239984901975881,1.4285150937248365
2025-11-24T15:15:47.236838,940,True,483.28704833984375,150.4969024658203,12.926533699035645,20.037837982177734,184.5,0.7938699342277171,1.5501322240424276
2025-11-24T15:15:47.269949,941,True,482.56005859375,174.096923828125,12.357501983642578,12.674416542053223,113.0,0.7995676810376071,1.0256454365279246
2025-11-24T15:15:47.303940,942,True,490.1672058105469,303.6202392578125,12.938633918762207,16.08640480041504,139.5,0.7138146669209877,1.2432845428761792
2025-11-24T15:15:47.331605,943,False,,,,,,,
2025-11-24T15:15:47.363597,944,True,503.57098388671875,272.9196472167969,9.627523422241211,16.101716995239258,113.0,0.7402188234813718,1.6724670111499866
2025-11-24T15:15:47.395700,945,True,479.57861328125,152.25140380859375,13.579761505126953,16.087121963500977,158.0,0.7498899684942629,1.1846394189461993
2025-11-24T15:15:47.430549,946,False,,,,,,,
2025-11-24T15:15:47.458797,947,False,,,,,,,
2025-11-24T15:15:47.509500,948,False,,,,,,,
2025-11-24T15:15:47.541707,949,True,395.93804931640625,240.8448486328125,9.674076080322266,14.599039077758789,103.5,0.765733201353714,1.5090885628205541
2025-11-24T15:15:47.574730,950,False,,,,,,,
2025-11-24T15:15:47.602746,951,False,,,,,,,
2025-11-24T15:15:47.634770,952,True,489.0215759277344,223.46995544433594,9.9982271194458,15.311556816101074,115.0,0.7533200415960865,1.5314270321879584
2025-11-24T15:15:47.666942,953,True,443.35223388671875,248.33566284179688,12.285357475280762,16.49250030517578,151.0,0.7166669952065423,1.3424516947031024
2025-11-24T15:15:47.700324,954,True,493.5325012207031,135.05206298828125,11.083775520324707,14.30069351196289,116.0,0.7207940851746537,1.2902365439919519
2025-11-24T15:15:47.732608,955,False,,,,,,,
2025-11-24T15:15:47.765311,956,True,404.9891357421875,172.59640502929688,20.452430725097656,23.89568519592285,363.5,0.7044208388347051,1.1683542337217485
2025-11-24T15:15:47.797964,957,False,,,,,,,
2025-11-24T15:15:47.845406,958,True,406.66839599609375,176.74986267089844,12.798359870910645,15.158576965332031,134.5,0.7473346842034234,1.1844154980647494
2025-11-24T15:15:47.876410,959,True,477.26654052734375,330.82275390625,13.382338523864746,21.03675651550293,202.0,0.7180788592192303,1.5719789860351436
2025-11-24T15:15:47.908393,960,True,409.9354553222656,172.5644073486328,15.327431678771973,20.496931076049805,239.5,0.7614259439147208,1.3372709902316147
2025-11-24T15:15:47.940928,961,False,,,,,,,
2025-11-24T15:15:47.971928,962,True,479.2548828125,337.0262451171875,10.07757568359375,14.981453895568848,113.5,0.7239984901975881,1.4866127409338983
2025-11-24T15:15:48.004710,963,True,488.3951110839844,348.00018310546875,9.579752922058105,14.8582124710083,107.0,0.7695947125966907,1.5510014758099524
2025-11-24T15:15:48.036332,964,False,,,,,,,
2025-11-24T15:15:48.068136,965,False,,,,,,,
2025-11-24T15:15:48.101996,966,False,,,,,,,
2025-11-24T15:15:48.134032,967,False,,,,,,,
2025-11-24T15:15:48.163561,968,False,,,,,,,
2025-11-24T15:15:48.215531,969,False,,,,,,,
2025-11-24T15:15:48.245358,970,True,7.4073381423950195,368.19879150390625,12.131202697753906,15.538134574890137,139.5,0.8147664624356681,1.2808402992826693
2025-11-24T15:15:48.276958,971,False,,,,,,,
2025-11-24T15:15:48.307839,972,False,,,,,,,
2025-11-24T15:15:48.341885,973,True,494.2702941894531,377.2969665527344,36.49592208862305,38.907203674316406,723.0,0.7015705490581512,1.0660698615524273
2025-11-24T15:15:48.372509,974,False,,,,,,,
2025-11-24T15:15:48.401260,975,False,,,,,,,
2025-11-24T15:15:48.435389,976,False,,,,,,,
2025-11-24T15:15:48.467215,977,False,,,,,,,
2025-11-24T15:15:48.500906,978,True,398.3496398925781,258.892822265625,11.014484405517578,15.050403594970703,115.5,0.736756176801823,1.366419132702412
2025-11-24T15:15:48.549488,979,False,,,,,,,
2025-11-24T15:15:48.583975,980,False,,,,,,,
2025-11-24T15:15:48.612395,981,False,,,,,,,
2025-11-24T15:15:48.645486,982,False,,,,,,,
2025-11-24T15:15:48.677632,983,False,,,,,,,
2025-11-24T15:15:48.709580,984,False,,,,,,,
2025-11-24T15:15:48.742836,985,False,,,,,,,
2025-11-24T15:15:48.771895,986,True,202.76473999023438,3.5928306579589844,13.534512519836426,18.55157470703125,134.5,0.7740681829146968,1.370686480887675
2025-11-24T15:15:48.804875,987,True,366.6929626464844,338.4122314453125,13.754838943481445,14.704906463623047,143.0,0.7246108623037179,1.0690714340585146
2025-11-24T15:15:48.834991,988,False,,,,,,,
2025-11-24T15:15:48.867353,989,False,,,,,,,
2025-11-24T15:15:48.917371,990,False,,,,,,,
2025-11-24T15:15:48.950471,991,True,360.7530822753906,106.88729858398438,10.780538558959961,15.467889785766602,124.5,0.7941657447541826,1.4347973680882118
2025-11-24T15:15:48.979952,992,True,178.03369140625,172.09495544433594,11.381942749023438,17.4378719329834,139.0,0.7043420269945229,1.532064497725141
2025-11-24T15:15:49.012286,993,True,276.8740234375,246.9345245361328,13.009010314941406,13.685811042785645,131.0,0.8140002168782728,1.0520254546221284
2025-11-24T15:15:49.044834,994,True,227.69349670410156,110.77623748779297,10.341365814208984,15.272578239440918,116.0,0.7598706506534437,1.4768432948782433
2025-11-24T15:15:49.076751,995,True,197.82363891601562,202.85641479492188,10.82296371459961,16.678205490112305,133.5,0.7525999744163154,1.5410015582527294
2025-11-24T15:15:49.107095,996,True,363.7806396484375,257.0917663574219,11.666459083557129,16.62910270690918,142.0,0.7195436534764191,1.4253768999172653
2025-11-24T15:15:49.140425,997,False,,,,,,,
2025-11-24T15:15:49.174652,998,False,,,,,,,
2025-11-24T15:15:49.208876,999,True,118.57862091064453,300.19671630859375,12.271007537841797,12.997109413146973,118.0,0.7729718687681582,1.0591720617800893
2025-11-24T15:15:49.237891,1000,False,,,,,,,
2025-11-24T15:15:49.285580,1001,True,166.70201110839844,261.3621520996094,11.043281555175781,14.133273124694824,108.5,0.7895230865458984,1.2798072542362708
2025-11-24T15:15:49.315351,1002,True,185.9480743408203,9.728137969970703,19.861202239990234,20.491954803466797,271.5,0.7121997249000076,1.0317579733641995
2025-11-24T15:15:49.349996,1003,True,344.0158386230469,292.8157958984375,14.414661407470703,18.801925659179688,205.5,0.7245945815732449,1.3043611517003126
2025-11-24T15:15:49.381078,1004,False,,,,,,,
2025-11-24T15:15:49.414896,1005,False,,,,,,,
2025-11-24T15:15:49.446081,1006,False,,,,,,,
2025-11-24T15:15:49.474249,1007,False,,,,,,,
2025-11-24T15:15:49.508904,1008,True,243.44668579101562,89.14415740966797,12.227267265319824,13.88644790649414,125.5,0.7714771040602159,1.1356950387585953
2025-11-24T15:15:49.540795,1009,True,107.2119369506836,347.72979736328125,13.269949913024902,20.662752151489258,191.5,0.7662264204477058,1.557108408834284
2025-11-24T15:15:49.573097,1010,True,220.01187133789062,15.081146240234375,13.227798461914062,17.631813049316406,165.5,0.7031584074351401,1.3329362226939208
2025-11-24T15:15:49.617196,1011,False,,,,,,,
2025-11-24T15:15:49.649862,1012,True,223.56101989746094,11.370566368103027,12.293429374694824,17.356592178344727,158.0,0.7498899684942629,1.4118591515409784
2025-11-24T15:15:49.682340,1013,True,253.60227966308594,16.927095413208008,11.922433853149414,13.689870834350586,117.0,0.7270078272882283,1.148244549286364
2025-11-24T15:15:49.714895,1014,False,,,,,,,
2025-11-24T15:15:49.746200,1015,True,252.580810546875,87.21084594726562,12.591686248779297,17.777801513671875,164.0,0.744097093869071,1.4118680969776587
2025-11-24T15:15:49.778782,1016,True,273.43084716796875,182.5839385986328,10.85447883605957,13.60533332824707,110.0,0.7911721389579878,1.2534302457358588
2025-11-24T15:15:49.810409,1017,True,325.2322692871094,125.6601791381836,10.831684112548828,14.04861068725586,113.5,0.7939368151464078,1.296992161540971
2025-11-24T15:15:49.844420,1018,False,,,,,,,
2025-11-24T15:15:49.875339,1019,True,357.4382019042969,322.63970947265625,9.366826057434082,15.280122756958008,108.0,0.7350071139636589,1.631301897992317
2025-11-24T15:15:49.907677,1020,False,,,,,,,
2025-11-24T15:15:49.938840,1021,False,,,,,,,
2025-11-24T15:15:49.989549,1022,True,291.0602111816406,185.0098419189453,11.12077522277832,12.564775466918945,105.0,0.7860593005031817,1.129846983269291
2025-11-24T15:15:50.021390,1023,False,,,,,,,
2025-11-24T15:15:50.053468,1024,True,384.1591491699219,210.75144958496094,10.539307594299316,13.339995384216309,105.5,0.8128809890597334,1.2657372411916923
2025-11-24T15:15:50.087408,1025,True,398.8711242675781,231.599365234375,12.064159393310547,14.373238563537598,126.5,0.8379101532326448,1.1913998235225232
2025-11-24T15:15:50.119845,1026,False,,,,,,,
2025-11-24T15:15:50.152677,1027,True,408.56005859375,183.1088409423828,11.959299087524414,15.337894439697266,139.5,0.7595364152193645,1.282507699233779
2025-11-24T15:15:50.182552,1028,False,,,,,,,
2025-11-24T15:15:50.211959,1029,False,,,,,,,
2025-11-24T15:15:50.243318,1030,True,199.66468811035156,47.05530548095703,10.42423152923584,13.593581199645996,104.5,0.8051759559880772,1.304036643611066
2025-11-24T15:15:50.277881,1031,True,241.19837951660156,24.39853286743164,9.405579566955566,15.917574882507324,111.5,0.7112408075509346,1.6923543176516094
2025-11-24T15:15:50.329639,1032,True,224.33428955078125,362.1012878417969,97.64777374267578,120.01134490966797,6598.0,0.7116273966657536,1.2290228346311558
2025-11-24T15:15:50.358737,1033,True,302.5566101074219,255.66961669921875,12.475333213806152,15.348126411437988,136.5,0.7326980668202158,1.2302777743984274
2025-11-24T15:15:50.389966,1034,True,327.49188232421875,318.2911682128906,14.395097732543945,17.350650787353516,188.5,0.7770256107964757,1.20531655320486
2025-11-24T15:15:50.423172,1035,True,482.62518310546875,151.82589721679688,16.495018005371094,21.035470962524414,250.5,0.7480472550354192,1.2752620021640995
2025-11-24T15:15:50.451310,1036,True,426.69195556640625,111.24870300292969,12.104817390441895,17.470224380493164,154.0,0.7309054157164719,1.4432454760566964
2025-11-24T15:15:50.483915,1037,True,18.441442489624023,100.70960235595703,12.786114692687988,15.370652198791504,146.5,0.7863755808729788,1.2021361739735812
2025-11-24T15:15:50.519892,1038,False,,,,,,,
2025-11-24T15:15:50.552917,1039,False,,,,,,,
2025-11-24T15:15:50.583515,1040,False,,,,,,,
2025-11-24T15:15:50.611530,1041,False,,,,,,,
2025-11-24T15:15:50.641318,1042,False,,,,,,,
2025-11-24T15:15:50.692869,1043,False,,,,,,,
2025-11-24T15:15:50.725077,1044,True,385.3763122558594,211.5690460205078,15.220283508300781,21.471647262573242,228.5,0.7185888502428548,1.4107257489742138
2025-11-24T15:15:50.759352,1045,True,478.810791015625,237.43809509277344,10.895421028137207,13.667710304260254,109.0,0.7418127353892483,1.2544452403003454
2025-11-24T15:15:50.788271,1046,True,244.17080688476562,232.4253387451172,14.82992172241211,16.971582412719727,179.0,0.7314224107031022,1.1444147572711878
2025-11-24T15:15:50.827105,1047,True,216.26365661621094,62.49195098876953,14.704728126525879,17.497541427612305,181.0,0.730526155775681,1.1899261303663506
2025-11-24T15:15:50.852835,1048,True,185.0692901611328,20.076234817504883,15.142047882080078,21.232418060302734,236.0,0.7365099579675431,1.402215659561787
2025-11-24T15:15:50.887199,1049,False,,,,,,,
